COD_ZNJE,COD_ZENT,COD_ZDES_SELLIN,COD_ZDEM,COD_ZDES_SELLOUT,GERENCIA,COD_SKU,INICIATIVA,REGIÓN,PAÍS,NODO,RESPONSABLE DE PAGO,GRUPO CLIENTE SI,GRUPO CLIENTE SO,DESTINATARIO,COD_ZTER,TERRITORIO,ORG VTA,CLIENTE,Homologo,SKU + Descripción/Material,Descripción/Material,CATEGORÍA,MATERIAL,DESCRIPCIÓN ABREVIADA,ETAPA,FAMILIA,LÍNEA,PROTEÍNA,FORMATO,PROCESO,PLANTA,TIPO PRODUCTO,ESTADO SKU,TOTAL,DATO,COD_DATO,Atributo,MES,Valor
2102108,1000027665,1000029660,1000027665,NA,IPSP,7530791,NA,RA,ECUADOR,IPSP,INDUSTRIAL PESQUERA SANTA PRISCILA,INDUSTRIAL PESQUERA SANTA PRISCILA,,INDUSTRIAL PESQUERA SANTA PRISCILA,1168030,JARA AREVALO ADRIAN ENRIQUE,2042,IPSP,7530791,7530791 - KAT V4 35% 1.2 EXT IPSP,KAT V4 35% 1.2 EXT IPSP,Alimento Camarones,"Nicovita Katal Camarón 35% 1.2 EXT
",KAT V4 35% 1.2 EXT IPSP,PRE ENGORDE,KAT,V4,0.35,1.2,EXTRUIDO,PNT,PRUEBA,ACTIVO,15234.48868,PB2025,PB+0,01,202501,1803.24434
2102108,1000027665,1000029660,1000027665,NA,IPSP,7530791,NA,RA,ECUADOR,IPSP,INDUSTRIAL PESQUERA SANTA PRISCILA,INDUSTRIAL PESQUERA SANTA PRISCILA,,INDUSTRIAL PESQUERA SANTA PRISCILA,1168030,JARA AREVALO ADRIAN ENRIQUE,2042,IPSP,7530791,7530791 - KAT V4 35% 1.2 EXT IPSP,KAT V4 35% 1.2 EXT IPSP,Alimento Camarones,"Nicovita Katal Camarón 35% 1.2 EXT
",KAT V4 35% 1.2 EXT IPSP,PRE ENGORDE,KAT,V4,0.35,1.2,EXTRUIDO,PNT,PRUEBA,ACTIVO,15234.48868,PB2025,PB+0,02,202502,1303.24434
2102108,1000027665,1000029660,1000027665,NA,IPSP,7530791,NA,RA,ECUADOR,IPSP,INDUSTRIAL PESQUERA SANTA PRISCILA,INDUSTRIAL PESQUERA SANTA PRISCILA,,INDUSTRIAL PESQUERA SANTA PRISCILA,1168030,JARA AREVALO ADRIAN ENRIQUE,2042,IPSP,7530791,7530791 - KAT V4 35% 1.2 EXT IPSP,KAT V4 35% 1.2 EXT IPSP,Alimento Camarones,"Nicovita Katal Camarón 35% 1.2 EXT
",KAT V4 35% 1.2 EXT IPSP,PRE ENGORDE,KAT,V4,0.35,1.2,EXTRUIDO,PNT,PRUEBA,ACTIVO,15234.48868,PB2025,PB+0,03,202503,1280
2102108,1000027665,1000029660,1000027665,NA,IPSP,7530791,NA,RA,ECUADOR,IPSP,INDUSTRIAL PESQUERA SANTA PRISCILA,INDUSTRIAL PESQUERA SANTA PRISCILA,,INDUSTRIAL PESQUERA SANTA PRISCILA,1168030,JARA AREVALO ADRIAN ENRIQUE,2042,IPSP,7530791,7530791 - KAT V4 35% 1.2 EXT IPSP,KAT V4 35% 1.2 EXT IPSP,Alimento Camarones,"Nicovita Katal Camarón 35% 1.2 EXT
",KAT V4 35% 1.2 EXT IPSP,PRE ENGORDE,KAT,V4,0.35,1.2,EXTRUIDO,PNT,PRUEBA,ACTIVO,15234.48868,PB2025,PB+0,04,202504,1280
2102108,1000027665,1000029660,1000027665,NA,IPSP,7530791,NA,RA,ECUADOR,IPSP,INDUSTRIAL PESQUERA SANTA PRISCILA,INDUSTRIAL PESQUERA SANTA PRISCILA,,INDUSTRIAL PESQUERA SANTA PRISCILA,1168030,JARA AREVALO ADRIAN ENRIQUE,2042,IPSP,7530791,7530791 - KAT V4 35% 1.2 EXT IPSP,KAT V4 35% 1.2 EXT IPSP,Alimento Camarones,"Nicovita Katal Camarón 35% 1.2 EXT
",KAT V4 35% 1.2 EXT IPSP,PRE ENGORDE,KAT,V4,0.35,1.2,EXTRUIDO,PNT,PRUEBA,ACTIVO,15234.48868,PB2025,PB+0,05,202505,1280
2102108,1000027665,1000029660,1000027665,NA,IPSP,7530791,NA,RA,ECUADOR,IPSP,INDUSTRIAL PESQUERA SANTA PRISCILA,INDUSTRIAL PESQUERA SANTA PRISCILA,,INDUSTRIAL PESQUERA SANTA PRISCILA,1168030,JARA AREVALO ADRIAN ENRIQUE,2042,IPSP,7530791,7530791 - KAT V4 35% 1.2 EXT IPSP,KAT V4 35% 1.2 EXT IPSP,Alimento Camarones,"Nicovita Katal Camarón 35% 1.2 EXT
",KAT V4 35% 1.2 EXT IPSP,PRE ENGORDE,KAT,V4,0.35,1.2,EXTRUIDO,PNT,PRUEBA,ACTIVO,15234.48868,PB2025,PB+0,06,202506,1280
2102108,1000027665,1000029660,1000027665,NA,IPSP,7530791,NA,RA,ECUADOR,IPSP,INDUSTRIAL PESQUERA SANTA PRISCILA,INDUSTRIAL PESQUERA SANTA PRISCILA,,INDUSTRIAL PESQUERA SANTA PRISCILA,1168030,JARA AREVALO ADRIAN ENRIQUE,2042,IPSP,7530791,7530791 - KAT V4 35% 1.2 EXT IPSP,KAT V4 35% 1.2 EXT IPSP,Alimento Camarones,"Nicovita Katal Camarón 35% 1.2 EXT
",KAT V4 35% 1.2 EXT IPSP,PRE ENGORDE,KAT,V4,0.35,1.2,EXTRUIDO,PNT,PRUEBA,ACTIVO,15234.48868,PB2025,PB+0,07,202507,1056
2102108,1000027665,1000029660,1000027665,NA,IPSP,7530791,NA,RA,ECUADOR,IPSP,INDUSTRIAL PESQUERA SANTA PRISCILA,INDUSTRIAL PESQUERA SANTA PRISCILA,,INDUSTRIAL PESQUERA SANTA PRISCILA,1168030,JARA AREVALO ADRIAN ENRIQUE,2042,IPSP,7530791,7530791 - KAT V4 35% 1.2 EXT IPSP,KAT V4 35% 1.2 EXT IPSP,Alimento Camarones,"Nicovita Katal Camarón 35% 1.2 EXT
",KAT V4 35% 1.2 EXT IPSP,PRE ENGORDE,KAT,V4,0.35,1.2,EXTRUIDO,PNT,PRUEBA,ACTIVO,15234.48868,PB2025,PB+0,08,202508,1056
2102108,1000027665,1000029660,1000027665,NA,IPSP,7530791,NA,RA,ECUADOR,IPSP,INDUSTRIAL PESQUERA SANTA PRISCILA,INDUSTRIAL PESQUERA SANTA PRISCILA,,INDUSTRIAL PESQUERA SANTA PRISCILA,1168030,JARA AREVALO ADRIAN ENRIQUE,2042,IPSP,7530791,7530791 - KAT V4 35% 1.2 EXT IPSP,KAT V4 35% 1.2 EXT IPSP,Alimento Camarones,"Nicovita Katal Camarón 35% 1.2 EXT
",KAT V4 35% 1.2 EXT IPSP,PRE ENGORDE,KAT,V4,0.35,1.2,EXTRUIDO,PNT,PRUEBA,ACTIVO,15234.48868,PB2025,PB+0,09,202509,1056
2102108,1000027665,1000029660,1000027665,NA,IPSP,7530791,NA,RA,ECUADOR,IPSP,INDUSTRIAL PESQUERA SANTA PRISCILA,INDUSTRIAL PESQUERA SANTA PRISCILA,,INDUSTRIAL PESQUERA SANTA PRISCILA,1168030,JARA AREVALO ADRIAN ENRIQUE,2042,IPSP,7530791,7530791 - KAT V4 35% 1.2 EXT IPSP,KAT V4 35% 1.2 EXT IPSP,Alimento Camarones,"Nicovita Katal Camarón 35% 1.2 EXT
",KAT V4 35% 1.2 EXT IPSP,PRE ENGORDE,KAT,V4,0.35,1.2,EXTRUIDO,PNT,PRUEBA,ACTIVO,15234.48868,PB2025,PB+0,10,202510,1280
2102108,1000027665,1000029660,1000027665,NA,IPSP,7530791,NA,RA,ECUADOR,IPSP,INDUSTRIAL PESQUERA SANTA PRISCILA,INDUSTRIAL PESQUERA SANTA PRISCILA,,INDUSTRIAL PESQUERA SANTA PRISCILA,1168030,JARA AREVALO ADRIAN ENRIQUE,2042,IPSP,7530791,7530791 - KAT V4 35% 1.2 EXT IPSP,KAT V4 35% 1.2 EXT IPSP,Alimento Camarones,"Nicovita Katal Camarón 35% 1.2 EXT
",KAT V4 35% 1.2 EXT IPSP,PRE ENGORDE,KAT,V4,0.35,1.2,EXTRUIDO,PNT,PRUEBA,ACTIVO,15234.48868,PB2025,PB+0,11,202511,1280
2102108,1000027665,1000029660,1000027665,NA,IPSP,7530791,NA,RA,ECUADOR,IPSP,INDUSTRIAL PESQUERA SANTA PRISCILA,INDUSTRIAL PESQUERA SANTA PRISCILA,,INDUSTRIAL PESQUERA SANTA PRISCILA,1168030,JARA AREVALO ADRIAN ENRIQUE,2042,IPSP,7530791,7530791 - KAT V4 35% 1.2 EXT IPSP,KAT V4 35% 1.2 EXT IPSP,Alimento Camarones,"Nicovita Katal Camarón 35% 1.2 EXT
",KAT V4 35% 1.2 EXT IPSP,PRE ENGORDE,KAT,V4,0.35,1.2,EXTRUIDO,PNT,PRUEBA,ACTIVO,15234.48868,PB2025,PB+0,12,202512,1280
2102108,1000027665,1000029660,30005104,NA,IPSP,7530791,NA,RA,ECUADOR,IPSP,INDUSTRIAL PESQUERA SANTA PRISCILA,INDUSTRIAL PESQUERA SANTA PRISCILA,,CABALA 1 - IPSP DIR,1168030,JARA AREVALO ADRIAN ENRIQUE,2042,IPSP,7530791,7530791 - KAT V4 35% 1.2 EXT IPSP,KAT V4 35% 1.2 EXT IPSP,Alimento Camarones,"Nicovita Katal Camarón 35% 1.2 EXT
",KAT V4 35% 1.2 EXT IPSP,PRE ENGORDE,KAT,V4,0.35,1.2,EXTRUIDO,PNT,PRUEBA,ACTIVO,94.125,2024,V-1,07,202504,27.5
2102108,1000027665,1000029660,30005104,NA,IPSP,7530791,NA,RA,ECUADOR,IPSP,INDUSTRIAL PESQUERA SANTA PRISCILA,INDUSTRIAL PESQUERA SANTA PRISCILA,,CABALA 1 - IPSP DIR,1168030,JARA AREVALO ADRIAN ENRIQUE,2042,IPSP,7530791,7530791 - KAT V4 35% 1.2 EXT IPSP,KAT V4 35% 1.2 EXT IPSP,Alimento Camarones,"Nicovita Katal Camarón 35% 1.2 EXT
",KAT V4 35% 1.2 EXT IPSP,PRE ENGORDE,KAT,V4,0.35,1.2,EXTRUIDO,PNT,PRUEBA,ACTIVO,94.125,2024,V-1,08,202505,26.25
2102108,1000027665,1000029660,30005104,NA,IPSP,7530791,NA,RA,ECUADOR,IPSP,INDUSTRIAL PESQUERA SANTA PRISCILA,INDUSTRIAL PESQUERA SANTA PRISCILA,,CABALA 1 - IPSP DIR,1168030,JARA AREVALO ADRIAN ENRIQUE,2042,IPSP,7530791,7530791 - KAT V4 35% 1.2 EXT IPSP,KAT V4 35% 1.2 EXT IPSP,Alimento Camarones,"Nicovita Katal Camarón 35% 1.2 EXT
",KAT V4 35% 1.2 EXT IPSP,PRE ENGORDE,KAT,V4,0.35,1.2,EXTRUIDO,PNT,PRUEBA,ACTIVO,94.125,2024,V-1,09,202501,10
2102108,1000027665,1000029660,30005104,NA,IPSP,7530791,NA,RA,ECUADOR,IPSP,INDUSTRIAL PESQUERA SANTA PRISCILA,INDUSTRIAL PESQUERA SANTA PRISCILA,,CABALA 1 - IPSP DIR,1168030,JARA AREVALO ADRIAN ENRIQUE,2042,IPSP,7530791,7530791 - KAT V4 35% 1.2 EXT IPSP,KAT V4 35% 1.2 EXT IPSP,Alimento Camarones,"Nicovita Katal Camarón 35% 1.2 EXT
",KAT V4 35% 1.2 EXT IPSP,PRE ENGORDE,KAT,V4,0.35,1.2,EXTRUIDO,PNT,PRUEBA,ACTIVO,94.125,2024,V-1,11,202502,15.375
2102108,1000027665,1000029660,30005104,NA,IPSP,7530791,NA,RA,ECUADOR,IPSP,INDUSTRIAL PESQUERA SANTA PRISCILA,INDUSTRIAL PESQUERA SANTA PRISCILA,,CABALA 1 - IPSP DIR,1168030,JARA AREVALO ADRIAN ENRIQUE,2042,IPSP,7530791,7530791 - KAT V4 35% 1.2 EXT IPSP,KAT V4 35% 1.2 EXT IPSP,Alimento Camarones,"Nicovita Katal Camarón 35% 1.2 EXT
",KAT V4 35% 1.2 EXT IPSP,PRE ENGORDE,KAT,V4,0.35,1.2,EXTRUIDO,PNT,PRUEBA,ACTIVO,94.125,2024,V-1,12,202503,15
2102108,1000027665,1000029660,30005106,NA,IPSP,7530791,NA,RA,ECUADOR,IPSP,INDUSTRIAL PESQUERA SANTA PRISCILA,INDUSTRIAL PESQUERA SANTA PRISCILA,,JAMAICA - IPSP DIR,1168030,JARA AREVALO ADRIAN ENRIQUE,2042,IPSP,7530791,7530791 - KAT V4 35% 1.2 EXT IPSP,KAT V4 35% 1.2 EXT IPSP,Alimento Camarones,"Nicovita Katal Camarón 35% 1.2 EXT
",KAT V4 35% 1.2 EXT IPSP,PRE ENGORDE,KAT,V4,0.35,1.2,EXTRUIDO,PNT,PRUEBA,ACTIVO,51.25,2024,V-1,07,202504,20
2102108,1000027665,1000029660,30005106,NA,IPSP,7530791,NA,RA,ECUADOR,IPSP,INDUSTRIAL PESQUERA SANTA PRISCILA,INDUSTRIAL PESQUERA SANTA PRISCILA,,JAMAICA - IPSP DIR,1168030,JARA AREVALO ADRIAN ENRIQUE,2042,IPSP,7530791,7530791 - KAT V4 35% 1.2 EXT IPSP,KAT V4 35% 1.2 EXT IPSP,Alimento Camarones,"Nicovita Katal Camarón 35% 1.2 EXT
",KAT V4 35% 1.2 EXT IPSP,PRE ENGORDE,KAT,V4,0.35,1.2,EXTRUIDO,PNT,PRUEBA,ACTIVO,51.25,2024,V-1,08,202505,3.75
2102108,1000027665,1000029660,30005106,NA,IPSP,7530791,NA,RA,ECUADOR,IPSP,INDUSTRIAL PESQUERA SANTA PRISCILA,INDUSTRIAL PESQUERA SANTA PRISCILA,,JAMAICA - IPSP DIR,1168030,JARA AREVALO ADRIAN ENRIQUE,2042,IPSP,7530791,7530791 - KAT V4 35% 1.2 EXT IPSP,KAT V4 35% 1.2 EXT IPSP,Alimento Camarones,"Nicovita Katal Camarón 35% 1.2 EXT
",KAT V4 35% 1.2 EXT IPSP,PRE ENGORDE,KAT,V4,0.35,1.2,EXTRUIDO,PNT,PRUEBA,ACTIVO,51.25,2024,V-1,12,202501,27.5
2102108,1000027665,1000029660,30005317,NA,IPSP,7530791,NA,RA,ECUADOR,IPSP,INDUSTRIAL PESQUERA SANTA PRISCILA,INDUSTRIAL PESQUERA SANTA PRISCILA,,STA.PRISCILA  BAJEN 1,1168030,JARA AREVALO ADRIAN ENRIQUE,2042,IPSP,7530791,7530791 - KAT V4 35% 1.2 EXT IPSP,KAT V4 35% 1.2 EXT IPSP,Alimento Camarones,"Nicovita Katal Camarón 35% 1.2 EXT
",KAT V4 35% 1.2 EXT IPSP,PRE ENGORDE,KAT,V4,0.35,1.2,EXTRUIDO,PNT,PRUEBA,ACTIVO,465.95,2024,V-1,09,202502,118.8
2102108,1000027665,1000029660,30005317,NA,IPSP,7530791,NA,RA,ECUADOR,IPSP,INDUSTRIAL PESQUERA SANTA PRISCILA,INDUSTRIAL PESQUERA SANTA PRISCILA,,STA.PRISCILA  BAJEN 1,1168030,JARA AREVALO ADRIAN ENRIQUE,2042,IPSP,7530791,7530791 - KAT V4 35% 1.2 EXT IPSP,KAT V4 35% 1.2 EXT IPSP,Alimento Camarones,"Nicovita Katal Camarón 35% 1.2 EXT
",KAT V4 35% 1.2 EXT IPSP,PRE ENGORDE,KAT,V4,0.35,1.2,EXTRUIDO,PNT,PRUEBA,ACTIVO,465.95,2024,V-1,10,202503,142.95
2102108,1000027665,1000029660,30005317,NA,IPSP,7530791,NA,RA,ECUADOR,IPSP,INDUSTRIAL PESQUERA SANTA PRISCILA,INDUSTRIAL PESQUERA SANTA PRISCILA,,STA.PRISCILA  BAJEN 1,1168030,JARA AREVALO ADRIAN ENRIQUE,2042,IPSP,7530791,7530791 - KAT V4 35% 1.2 EXT IPSP,KAT V4 35% 1.2 EXT IPSP,Alimento Camarones,"Nicovita Katal Camarón 35% 1.2 EXT
",KAT V4 35% 1.2 EXT IPSP,PRE ENGORDE,KAT,V4,0.35,1.2,EXTRUIDO,PNT,PRUEBA,ACTIVO,465.95,2024,V-1,11,202504,105.2
2102108,1000027665,1000029660,30005317,NA,IPSP,7530791,NA,RA,ECUADOR,IPSP,INDUSTRIAL PESQUERA SANTA PRISCILA,INDUSTRIAL PESQUERA SANTA PRISCILA,,STA.PRISCILA  BAJEN 1,1168030,JARA AREVALO ADRIAN ENRIQUE,2042,IPSP,7530791,7530791 - KAT V4 35% 1.2 EXT IPSP,KAT V4 35% 1.2 EXT IPSP,Alimento Camarones,"Nicovita Katal Camarón 35% 1.2 EXT
",KAT V4 35% 1.2 EXT IPSP,PRE ENGORDE,KAT,V4,0.35,1.2,EXTRUIDO,PNT,PRUEBA,ACTIVO,465.95,2024,V-1,12,202505,99
2102108,1000027665,1000029660,30005335,NA,IPSP,7530791,NA,RA,ECUADOR,IPSP,INDUSTRIAL PESQUERA SANTA PRISCILA,INDUSTRIAL PESQUERA SANTA PRISCILA,,STA. PRISCILLA - CORVINERO,1168030,JARA AREVALO ADRIAN ENRIQUE,2042,IPSP,7530791,7530791 - KAT V4 35% 1.2 EXT IPSP,KAT V4 35% 1.2 EXT IPSP,Alimento Camarones,"Nicovita Katal Camarón 35% 1.2 EXT
",KAT V4 35% 1.2 EXT IPSP,PRE ENGORDE,KAT,V4,0.35,1.2,EXTRUIDO,PNT,PRUEBA,ACTIVO,193.45,2024,V-1,10,202506,52.35
2102108,1000027665,1000029660,30005335,NA,IPSP,7530791,NA,RA,ECUADOR,IPSP,INDUSTRIAL PESQUERA SANTA PRISCILA,INDUSTRIAL PESQUERA SANTA PRISCILA,,STA. PRISCILLA - CORVINERO,1168030,JARA AREVALO ADRIAN ENRIQUE,2042,IPSP,7530791,7530791 - KAT V4 35% 1.2 EXT IPSP,KAT V4 35% 1.2 EXT IPSP,Alimento Camarones,"Nicovita Katal Camarón 35% 1.2 EXT
",KAT V4 35% 1.2 EXT IPSP,PRE ENGORDE,KAT,V4,0.35,1.2,EXTRUIDO,PNT,PRUEBA,ACTIVO,193.45,2024,V-1,11,202507,45.4
2102108,1000027665,1000029660,30005335,NA,IPSP,7530791,NA,RA,ECUADOR,IPSP,INDUSTRIAL PESQUERA SANTA PRISCILA,INDUSTRIAL PESQUERA SANTA PRISCILA,,STA. PRISCILLA - CORVINERO,1168030,JARA AREVALO ADRIAN ENRIQUE,2042,IPSP,7530791,7530791 - KAT V4 35% 1.2 EXT IPSP,KAT V4 35% 1.2 EXT IPSP,Alimento Camarones,"Nicovita Katal Camarón 35% 1.2 EXT
",KAT V4 35% 1.2 EXT IPSP,PRE ENGORDE,KAT,V4,0.35,1.2,EXTRUIDO,PNT,PRUEBA,ACTIVO,193.45,2024,V-1,12,202508,95.7
2102108,1000027665,1000029660,30005403,NA,IPSP,7530791,NA,RA,ECUADOR,IPSP,INDUSTRIAL PESQUERA SANTA PRISCILA,INDUSTRIAL PESQUERA SANTA PRISCILA,,STA. PRISCILLA GOLFO-PTO. HONDO,1168030,JARA AREVALO ADRIAN ENRIQUE,2042,IPSP,7530791,7530791 - KAT V4 35% 1.2 EXT IPSP,KAT V4 35% 1.2 EXT IPSP,Alimento Camarones,"Nicovita Katal Camarón 35% 1.2 EXT
",KAT V4 35% 1.2 EXT IPSP,PRE ENGORDE,KAT,V4,0.35,1.2,EXTRUIDO,PNT,PRUEBA,ACTIVO,145,2024,V-1,10,202509,70
2102108,1000027665,1000029660,30005403,NA,IPSP,7530791,NA,RA,ECUADOR,IPSP,INDUSTRIAL PESQUERA SANTA PRISCILA,INDUSTRIAL PESQUERA SANTA PRISCILA,,STA. PRISCILLA GOLFO-PTO. HONDO,1168030,JARA AREVALO ADRIAN ENRIQUE,2042,IPSP,7530791,7530791 - KAT V4 35% 1.2 EXT IPSP,KAT V4 35% 1.2 EXT IPSP,Alimento Camarones,"Nicovita Katal Camarón 35% 1.2 EXT
",KAT V4 35% 1.2 EXT IPSP,PRE ENGORDE,KAT,V4,0.35,1.2,EXTRUIDO,PNT,PRUEBA,ACTIVO,145,2024,V-1,12,202510,75
2102108,1000027665,1000029660,30005406,NA,IPSP,7530791,NA,RA,ECUADOR,IPSP,INDUSTRIAL PESQUERA SANTA PRISCILA,INDUSTRIAL PESQUERA SANTA PRISCILA,,STA. PRISCILLA - CALIFORNIA,1168030,JARA AREVALO ADRIAN ENRIQUE,2042,IPSP,7530791,7530791 - KAT V4 35% 1.2 EXT IPSP,KAT V4 35% 1.2 EXT IPSP,Alimento Camarones,"Nicovita Katal Camarón 35% 1.2 EXT
",KAT V4 35% 1.2 EXT IPSP,PRE ENGORDE,KAT,V4,0.35,1.2,EXTRUIDO,PNT,PRUEBA,ACTIVO,572,2024,V-1,10,202511,237.6
2102108,1000027665,1000029660,30005406,NA,IPSP,7530791,NA,RA,ECUADOR,IPSP,INDUSTRIAL PESQUERA SANTA PRISCILA,INDUSTRIAL PESQUERA SANTA PRISCILA,,STA. PRISCILLA - CALIFORNIA,1168030,JARA AREVALO ADRIAN ENRIQUE,2042,IPSP,7530791,7530791 - KAT V4 35% 1.2 EXT IPSP,KAT V4 35% 1.2 EXT IPSP,Alimento Camarones,"Nicovita Katal Camarón 35% 1.2 EXT
",KAT V4 35% 1.2 EXT IPSP,PRE ENGORDE,KAT,V4,0.35,1.2,EXTRUIDO,PNT,PRUEBA,ACTIVO,572,2024,V-1,11,202512,243.8
2102108,1000027665,1000029660,30005406,NA,IPSP,7530791,NA,RA,ECUADOR,IPSP,INDUSTRIAL PESQUERA SANTA PRISCILA,INDUSTRIAL PESQUERA SANTA PRISCILA,,STA. PRISCILLA - CALIFORNIA,1168030,JARA AREVALO ADRIAN ENRIQUE,2042,IPSP,7530791,7530791 - KAT V4 35% 1.2 EXT IPSP,KAT V4 35% 1.2 EXT IPSP,Alimento Camarones,"Nicovita Katal Camarón 35% 1.2 EXT
",KAT V4 35% 1.2 EXT IPSP,PRE ENGORDE,KAT,V4,0.35,1.2,EXTRUIDO,PNT,PRUEBA,ACTIVO,572,2024,V-1,12,202501,90.6
2102108,1000027665,1000029660,30005626,NA,IPSP,7530791,NA,RA,ECUADOR,IPSP,INDUSTRIAL PESQUERA SANTA PRISCILA,INDUSTRIAL PESQUERA SANTA PRISCILA,,CABALA 2 - IPSP DIR,1168030,JARA AREVALO ADRIAN ENRIQUE,2042,IPSP,7530791,7530791 - KAT V4 35% 1.2 EXT IPSP,KAT V4 35% 1.2 EXT IPSP,Alimento Camarones,"Nicovita Katal Camarón 35% 1.2 EXT
",KAT V4 35% 1.2 EXT IPSP,PRE ENGORDE,KAT,V4,0.35,1.2,EXTRUIDO,PNT,PRUEBA,ACTIVO,98.25,2024,V-1,07,202502,11.25
2102108,1000027665,1000029660,30005626,NA,IPSP,7530791,NA,RA,ECUADOR,IPSP,INDUSTRIAL PESQUERA SANTA PRISCILA,INDUSTRIAL PESQUERA SANTA PRISCILA,,CABALA 2 - IPSP DIR,1168030,JARA AREVALO ADRIAN ENRIQUE,2042,IPSP,7530791,7530791 - KAT V4 35% 1.2 EXT IPSP,KAT V4 35% 1.2 EXT IPSP,Alimento Camarones,"Nicovita Katal Camarón 35% 1.2 EXT
",KAT V4 35% 1.2 EXT IPSP,PRE ENGORDE,KAT,V4,0.35,1.2,EXTRUIDO,PNT,PRUEBA,ACTIVO,98.25,2024,V-1,08,202503,25
2102108,1000027665,1000029660,30005626,NA,IPSP,7530791,NA,RA,ECUADOR,IPSP,INDUSTRIAL PESQUERA SANTA PRISCILA,INDUSTRIAL PESQUERA SANTA PRISCILA,,CABALA 2 - IPSP DIR,1168030,JARA AREVALO ADRIAN ENRIQUE,2042,IPSP,7530791,7530791 - KAT V4 35% 1.2 EXT IPSP,KAT V4 35% 1.2 EXT IPSP,Alimento Camarones,"Nicovita Katal Camarón 35% 1.2 EXT
",KAT V4 35% 1.2 EXT IPSP,PRE ENGORDE,KAT,V4,0.35,1.2,EXTRUIDO,PNT,PRUEBA,ACTIVO,98.25,2024,V-1,09,202504,25
2102108,1000027665,1000029660,30005626,NA,IPSP,7530791,NA,RA,ECUADOR,IPSP,INDUSTRIAL PESQUERA SANTA PRISCILA,INDUSTRIAL PESQUERA SANTA PRISCILA,,CABALA 2 - IPSP DIR,1168030,JARA AREVALO ADRIAN ENRIQUE,2042,IPSP,7530791,7530791 - KAT V4 35% 1.2 EXT IPSP,KAT V4 35% 1.2 EXT IPSP,Alimento Camarones,"Nicovita Katal Camarón 35% 1.2 EXT
",KAT V4 35% 1.2 EXT IPSP,PRE ENGORDE,KAT,V4,0.35,1.2,EXTRUIDO,PNT,PRUEBA,ACTIVO,98.25,2024,V-1,10,202505,10
2102108,1000027665,1000029660,30005626,NA,IPSP,7530791,NA,RA,ECUADOR,IPSP,INDUSTRIAL PESQUERA SANTA PRISCILA,INDUSTRIAL PESQUERA SANTA PRISCILA,,CABALA 2 - IPSP DIR,1168030,JARA AREVALO ADRIAN ENRIQUE,2042,IPSP,7530791,7530791 - KAT V4 35% 1.2 EXT IPSP,KAT V4 35% 1.2 EXT IPSP,Alimento Camarones,"Nicovita Katal Camarón 35% 1.2 EXT
",KAT V4 35% 1.2 EXT IPSP,PRE ENGORDE,KAT,V4,0.35,1.2,EXTRUIDO,PNT,PRUEBA,ACTIVO,98.25,2024,V-1,11,202506,2
2102108,1000027665,1000029660,30005626,NA,IPSP,7530791,NA,RA,ECUADOR,IPSP,INDUSTRIAL PESQUERA SANTA PRISCILA,INDUSTRIAL PESQUERA SANTA PRISCILA,,CABALA 2 - IPSP DIR,1168030,JARA AREVALO ADRIAN ENRIQUE,2042,IPSP,7530791,7530791 - KAT V4 35% 1.2 EXT IPSP,KAT V4 35% 1.2 EXT IPSP,Alimento Camarones,"Nicovita Katal Camarón 35% 1.2 EXT
",KAT V4 35% 1.2 EXT IPSP,PRE ENGORDE,KAT,V4,0.35,1.2,EXTRUIDO,PNT,PRUEBA,ACTIVO,98.25,2024,V-1,12,202507,25
2102108,1000027665,1000029660,30005768,NA,IPSP,7530791,NA,RA,ECUADOR,IPSP,INDUSTRIAL PESQUERA SANTA PRISCILA,INDUSTRIAL PESQUERA SANTA PRISCILA,,STA.PRISCILA CHANDUY,1168030,JARA AREVALO ADRIAN ENRIQUE,2042,IPSP,7530791,7530791 - KAT V4 35% 1.2 EXT IPSP,KAT V4 35% 1.2 EXT IPSP,Alimento Camarones,"Nicovita Katal Camarón 35% 1.2 EXT
",KAT V4 35% 1.2 EXT IPSP,PRE ENGORDE,KAT,V4,0.35,1.2,EXTRUIDO,PNT,PRUEBA,ACTIVO,519.65,2024,V-1,07,202508,118.8
2102108,1000027665,1000029660,30005768,NA,IPSP,7530791,NA,RA,ECUADOR,IPSP,INDUSTRIAL PESQUERA SANTA PRISCILA,INDUSTRIAL PESQUERA SANTA PRISCILA,,STA.PRISCILA CHANDUY,1168030,JARA AREVALO ADRIAN ENRIQUE,2042,IPSP,7530791,7530791 - KAT V4 35% 1.2 EXT IPSP,KAT V4 35% 1.2 EXT IPSP,Alimento Camarones,"Nicovita Katal Camarón 35% 1.2 EXT
",KAT V4 35% 1.2 EXT IPSP,PRE ENGORDE,KAT,V4,0.35,1.2,EXTRUIDO,PNT,PRUEBA,ACTIVO,519.65,2024,V-1,08,202509,74.25
2102108,1000027665,1000029660,30005768,NA,IPSP,7530791,NA,RA,ECUADOR,IPSP,INDUSTRIAL PESQUERA SANTA PRISCILA,INDUSTRIAL PESQUERA SANTA PRISCILA,,STA.PRISCILA CHANDUY,1168030,JARA AREVALO ADRIAN ENRIQUE,2042,IPSP,7530791,7530791 - KAT V4 35% 1.2 EXT IPSP,KAT V4 35% 1.2 EXT IPSP,Alimento Camarones,"Nicovita Katal Camarón 35% 1.2 EXT
",KAT V4 35% 1.2 EXT IPSP,PRE ENGORDE,KAT,V4,0.35,1.2,EXTRUIDO,PNT,PRUEBA,ACTIVO,519.65,2024,V-1,09,202510,118.7
2102108,1000027665,1000029660,30005768,NA,IPSP,7530791,NA,RA,ECUADOR,IPSP,INDUSTRIAL PESQUERA SANTA PRISCILA,INDUSTRIAL PESQUERA SANTA PRISCILA,,STA.PRISCILA CHANDUY,1168030,JARA AREVALO ADRIAN ENRIQUE,2042,IPSP,7530791,7530791 - KAT V4 35% 1.2 EXT IPSP,KAT V4 35% 1.2 EXT IPSP,Alimento Camarones,"Nicovita Katal Camarón 35% 1.2 EXT
",KAT V4 35% 1.2 EXT IPSP,PRE ENGORDE,KAT,V4,0.35,1.2,EXTRUIDO,PNT,PRUEBA,ACTIVO,519.65,2024,V-1,10,202511,103.95
2102108,1000027665,1000029660,30005768,NA,IPSP,7530791,NA,RA,ECUADOR,IPSP,INDUSTRIAL PESQUERA SANTA PRISCILA,INDUSTRIAL PESQUERA SANTA PRISCILA,,STA.PRISCILA CHANDUY,1168030,JARA AREVALO ADRIAN ENRIQUE,2042,IPSP,7530791,7530791 - KAT V4 35% 1.2 EXT IPSP,KAT V4 35% 1.2 EXT IPSP,Alimento Camarones,"Nicovita Katal Camarón 35% 1.2 EXT
",KAT V4 35% 1.2 EXT IPSP,PRE ENGORDE,KAT,V4,0.35,1.2,EXTRUIDO,PNT,PRUEBA,ACTIVO,519.65,2024,V-1,11,202512,44.55
2102108,1000027665,1000029660,30005768,NA,IPSP,7530791,NA,RA,ECUADOR,IPSP,INDUSTRIAL PESQUERA SANTA PRISCILA,INDUSTRIAL PESQUERA SANTA PRISCILA,,STA.PRISCILA CHANDUY,1168030,JARA AREVALO ADRIAN ENRIQUE,2042,IPSP,7530791,7530791 - KAT V4 35% 1.2 EXT IPSP,KAT V4 35% 1.2 EXT IPSP,Alimento Camarones,"Nicovita Katal Camarón 35% 1.2 EXT
",KAT V4 35% 1.2 EXT IPSP,PRE ENGORDE,KAT,V4,0.35,1.2,EXTRUIDO,PNT,PRUEBA,ACTIVO,519.65,2024,V-1,12,202505,59.4
2102108,1000027665,1000029660,30005769,NA,IPSP,7530791,NA,RA,ECUADOR,IPSP,INDUSTRIAL PESQUERA SANTA PRISCILA,INDUSTRIAL PESQUERA SANTA PRISCILA,,STA. PRISCILA  PAÑAMAO,1168030,JARA AREVALO ADRIAN ENRIQUE,2042,IPSP,7530791,7530791 - KAT V4 35% 1.2 EXT IPSP,KAT V4 35% 1.2 EXT IPSP,Alimento Camarones,"Nicovita Katal Camarón 35% 1.2 EXT
",KAT V4 35% 1.2 EXT IPSP,PRE ENGORDE,KAT,V4,0.35,1.2,EXTRUIDO,PNT,PRUEBA,ACTIVO,1381.45,2024,V-1,07,202506,297
2102108,1000027665,1000029660,30005769,NA,IPSP,7530791,NA,RA,ECUADOR,IPSP,INDUSTRIAL PESQUERA SANTA PRISCILA,INDUSTRIAL PESQUERA SANTA PRISCILA,,STA. PRISCILA  PAÑAMAO,1168030,JARA AREVALO ADRIAN ENRIQUE,2042,IPSP,7530791,7530791 - KAT V4 35% 1.2 EXT IPSP,KAT V4 35% 1.2 EXT IPSP,Alimento Camarones,"Nicovita Katal Camarón 35% 1.2 EXT
",KAT V4 35% 1.2 EXT IPSP,PRE ENGORDE,KAT,V4,0.35,1.2,EXTRUIDO,PNT,PRUEBA,ACTIVO,1381.45,2024,V-1,08,202507,193.05
2102108,1000027665,1000029660,30005769,NA,IPSP,7530791,NA,RA,ECUADOR,IPSP,INDUSTRIAL PESQUERA SANTA PRISCILA,INDUSTRIAL PESQUERA SANTA PRISCILA,,STA. PRISCILA  PAÑAMAO,1168030,JARA AREVALO ADRIAN ENRIQUE,2042,IPSP,7530791,7530791 - KAT V4 35% 1.2 EXT IPSP,KAT V4 35% 1.2 EXT IPSP,Alimento Camarones,"Nicovita Katal Camarón 35% 1.2 EXT
",KAT V4 35% 1.2 EXT IPSP,PRE ENGORDE,KAT,V4,0.35,1.2,EXTRUIDO,PNT,PRUEBA,ACTIVO,1381.45,2024,V-1,09,202508,222.75
2102108,1000027665,1000029660,30005769,NA,IPSP,7530791,NA,RA,ECUADOR,IPSP,INDUSTRIAL PESQUERA SANTA PRISCILA,INDUSTRIAL PESQUERA SANTA PRISCILA,,STA. PRISCILA  PAÑAMAO,1168030,JARA AREVALO ADRIAN ENRIQUE,2042,IPSP,7530791,7530791 - KAT V4 35% 1.2 EXT IPSP,KAT V4 35% 1.2 EXT IPSP,Alimento Camarones,"Nicovita Katal Camarón 35% 1.2 EXT
",KAT V4 35% 1.2 EXT IPSP,PRE ENGORDE,KAT,V4,0.35,1.2,EXTRUIDO,PNT,PRUEBA,ACTIVO,1381.45,2024,V-1,10,202509,299.7
2102108,1000027665,1000029660,30005769,NA,IPSP,7530791,NA,RA,ECUADOR,IPSP,INDUSTRIAL PESQUERA SANTA PRISCILA,INDUSTRIAL PESQUERA SANTA PRISCILA,,STA. PRISCILA  PAÑAMAO,1168030,JARA AREVALO ADRIAN ENRIQUE,2042,IPSP,7530791,7530791 - KAT V4 35% 1.2 EXT IPSP,KAT V4 35% 1.2 EXT IPSP,Alimento Camarones,"Nicovita Katal Camarón 35% 1.2 EXT
",KAT V4 35% 1.2 EXT IPSP,PRE ENGORDE,KAT,V4,0.35,1.2,EXTRUIDO,PNT,PRUEBA,ACTIVO,1381.45,2024,V-1,11,202510,184.05
2102108,1000027665,1000029660,30005769,NA,IPSP,7530791,NA,RA,ECUADOR,IPSP,INDUSTRIAL PESQUERA SANTA PRISCILA,INDUSTRIAL PESQUERA SANTA PRISCILA,,STA. PRISCILA  PAÑAMAO,1168030,JARA AREVALO ADRIAN ENRIQUE,2042,IPSP,7530791,7530791 - KAT V4 35% 1.2 EXT IPSP,KAT V4 35% 1.2 EXT IPSP,Alimento Camarones,"Nicovita Katal Camarón 35% 1.2 EXT
",KAT V4 35% 1.2 EXT IPSP,PRE ENGORDE,KAT,V4,0.35,1.2,EXTRUIDO,PNT,PRUEBA,ACTIVO,1381.45,2024,V-1,12,202511,184.9
2102108,1000027665,1000029660,30005795,NA,IPSP,7530791,NA,RA,ECUADOR,IPSP,INDUSTRIAL PESQUERA SANTA PRISCILA,INDUSTRIAL PESQUERA SANTA PRISCILA,,STA.PRISCILA CHURUTE,1168030,JARA AREVALO ADRIAN ENRIQUE,2042,IPSP,7530791,7530791 - KAT V4 35% 1.2 EXT IPSP,KAT V4 35% 1.2 EXT IPSP,Alimento Camarones,"Nicovita Katal Camarón 35% 1.2 EXT
",KAT V4 35% 1.2 EXT IPSP,PRE ENGORDE,KAT,V4,0.35,1.2,EXTRUIDO,PNT,PRUEBA,ACTIVO,146.3,2024,V-1,07,202512,5
2102108,1000027665,1000029660,30005795,NA,IPSP,7530791,NA,RA,ECUADOR,IPSP,INDUSTRIAL PESQUERA SANTA PRISCILA,INDUSTRIAL PESQUERA SANTA PRISCILA,,STA.PRISCILA CHURUTE,1168030,JARA AREVALO ADRIAN ENRIQUE,2042,IPSP,7530791,7530791 - KAT V4 35% 1.2 EXT IPSP,KAT V4 35% 1.2 EXT IPSP,Alimento Camarones,"Nicovita Katal Camarón 35% 1.2 EXT
",KAT V4 35% 1.2 EXT IPSP,PRE ENGORDE,KAT,V4,0.35,1.2,EXTRUIDO,PNT,PRUEBA,ACTIVO,146.3,2024,V-1,10,202501,22.5
2102108,1000027665,1000029660,30005795,NA,IPSP,7530791,NA,RA,ECUADOR,IPSP,INDUSTRIAL PESQUERA SANTA PRISCILA,INDUSTRIAL PESQUERA SANTA PRISCILA,,STA.PRISCILA CHURUTE,1168030,JARA AREVALO ADRIAN ENRIQUE,2042,IPSP,7530791,7530791 - KAT V4 35% 1.2 EXT IPSP,KAT V4 35% 1.2 EXT IPSP,Alimento Camarones,"Nicovita Katal Camarón 35% 1.2 EXT
",KAT V4 35% 1.2 EXT IPSP,PRE ENGORDE,KAT,V4,0.35,1.2,EXTRUIDO,PNT,PRUEBA,ACTIVO,146.3,2024,V-1,11,202502,0
2102108,1000027665,1000029660,30005795,NA,IPSP,7530791,NA,RA,ECUADOR,IPSP,INDUSTRIAL PESQUERA SANTA PRISCILA,INDUSTRIAL PESQUERA SANTA PRISCILA,,STA.PRISCILA CHURUTE,1168030,JARA AREVALO ADRIAN ENRIQUE,2042,IPSP,7530791,7530791 - KAT V4 35% 1.2 EXT IPSP,KAT V4 35% 1.2 EXT IPSP,Alimento Camarones,"Nicovita Katal Camarón 35% 1.2 EXT
",KAT V4 35% 1.2 EXT IPSP,PRE ENGORDE,KAT,V4,0.35,1.2,EXTRUIDO,PNT,PRUEBA,ACTIVO,146.3,2024,V-1,12,202503,118.8
2102108,1000027665,1000029660,30005855,NA,IPSP,7530791,NA,RA,ECUADOR,IPSP,INDUSTRIAL PESQUERA SANTA PRISCILA,INDUSTRIAL PESQUERA SANTA PRISCILA,,STA.PRISCILA KOREA,1168030,JARA AREVALO ADRIAN ENRIQUE,2042,IPSP,7530791,7530791 - KAT V4 35% 1.2 EXT IPSP,KAT V4 35% 1.2 EXT IPSP,Alimento Camarones,"Nicovita Katal Camarón 35% 1.2 EXT
",KAT V4 35% 1.2 EXT IPSP,PRE ENGORDE,KAT,V4,0.35,1.2,EXTRUIDO,PNT,PRUEBA,ACTIVO,179.1,2024,V-1,07,202505,65
2102108,1000027665,1000029660,30005855,NA,IPSP,7530791,NA,RA,ECUADOR,IPSP,INDUSTRIAL PESQUERA SANTA PRISCILA,INDUSTRIAL PESQUERA SANTA PRISCILA,,STA.PRISCILA KOREA,1168030,JARA AREVALO ADRIAN ENRIQUE,2042,IPSP,7530791,7530791 - KAT V4 35% 1.2 EXT IPSP,KAT V4 35% 1.2 EXT IPSP,Alimento Camarones,"Nicovita Katal Camarón 35% 1.2 EXT
",KAT V4 35% 1.2 EXT IPSP,PRE ENGORDE,KAT,V4,0.35,1.2,EXTRUIDO,PNT,PRUEBA,ACTIVO,179.1,2024,V-1,10,202501,53.45
2102108,1000027665,1000029660,30005855,NA,IPSP,7530791,NA,RA,ECUADOR,IPSP,INDUSTRIAL PESQUERA SANTA PRISCILA,INDUSTRIAL PESQUERA SANTA PRISCILA,,STA.PRISCILA KOREA,1168030,JARA AREVALO ADRIAN ENRIQUE,2042,IPSP,7530791,7530791 - KAT V4 35% 1.2 EXT IPSP,KAT V4 35% 1.2 EXT IPSP,Alimento Camarones,"Nicovita Katal Camarón 35% 1.2 EXT
",KAT V4 35% 1.2 EXT IPSP,PRE ENGORDE,KAT,V4,0.35,1.2,EXTRUIDO,PNT,PRUEBA,ACTIVO,179.1,2024,V-1,11,202502,1.25
2102108,1000027665,1000029660,30005855,NA,IPSP,7530791,NA,RA,ECUADOR,IPSP,INDUSTRIAL PESQUERA SANTA PRISCILA,INDUSTRIAL PESQUERA SANTA PRISCILA,,STA.PRISCILA KOREA,1168030,JARA AREVALO ADRIAN ENRIQUE,2042,IPSP,7530791,7530791 - KAT V4 35% 1.2 EXT IPSP,KAT V4 35% 1.2 EXT IPSP,Alimento Camarones,"Nicovita Katal Camarón 35% 1.2 EXT
",KAT V4 35% 1.2 EXT IPSP,PRE ENGORDE,KAT,V4,0.35,1.2,EXTRUIDO,PNT,PRUEBA,ACTIVO,179.1,2024,V-1,12,202503,59.4
2102108,1000027665,1000029660,30005946,NA,IPSP,7530791,NA,RA,ECUADOR,IPSP,INDUSTRIAL PESQUERA SANTA PRISCILA,INDUSTRIAL PESQUERA SANTA PRISCILA,,STA.PRISCILA AFRICA - CAMERÚN (PRU),1168030,JARA AREVALO ADRIAN ENRIQUE,2042,IPSP,7530791,7530791 - KAT V4 35% 1.2 EXT IPSP,KAT V4 35% 1.2 EXT IPSP,Alimento Camarones,"Nicovita Katal Camarón 35% 1.2 EXT
",KAT V4 35% 1.2 EXT IPSP,PRE ENGORDE,KAT,V4,0.35,1.2,EXTRUIDO,PNT,PRUEBA,ACTIVO,228.1,2024,V-1,07,202504,75
2102108,1000027665,1000029660,30005946,NA,IPSP,7530791,NA,RA,ECUADOR,IPSP,INDUSTRIAL PESQUERA SANTA PRISCILA,INDUSTRIAL PESQUERA SANTA PRISCILA,,STA.PRISCILA AFRICA - CAMERÚN (PRU),1168030,JARA AREVALO ADRIAN ENRIQUE,2042,IPSP,7530791,7530791 - KAT V4 35% 1.2 EXT IPSP,KAT V4 35% 1.2 EXT IPSP,Alimento Camarones,"Nicovita Katal Camarón 35% 1.2 EXT
",KAT V4 35% 1.2 EXT IPSP,PRE ENGORDE,KAT,V4,0.35,1.2,EXTRUIDO,PNT,PRUEBA,ACTIVO,228.1,2024,V-1,10,202505,10
2102108,1000027665,1000029660,30005946,NA,IPSP,7530791,NA,RA,ECUADOR,IPSP,INDUSTRIAL PESQUERA SANTA PRISCILA,INDUSTRIAL PESQUERA SANTA PRISCILA,,STA.PRISCILA AFRICA - CAMERÚN (PRU),1168030,JARA AREVALO ADRIAN ENRIQUE,2042,IPSP,7530791,7530791 - KAT V4 35% 1.2 EXT IPSP,KAT V4 35% 1.2 EXT IPSP,Alimento Camarones,"Nicovita Katal Camarón 35% 1.2 EXT
",KAT V4 35% 1.2 EXT IPSP,PRE ENGORDE,KAT,V4,0.35,1.2,EXTRUIDO,PNT,PRUEBA,ACTIVO,228.1,2024,V-1,11,202504,58.1
2102108,1000027665,1000029660,30005946,NA,IPSP,7530791,NA,RA,ECUADOR,IPSP,INDUSTRIAL PESQUERA SANTA PRISCILA,INDUSTRIAL PESQUERA SANTA PRISCILA,,STA.PRISCILA AFRICA - CAMERÚN (PRU),1168030,JARA AREVALO ADRIAN ENRIQUE,2042,IPSP,7530791,7530791 - KAT V4 35% 1.2 EXT IPSP,KAT V4 35% 1.2 EXT IPSP,Alimento Camarones,"Nicovita Katal Camarón 35% 1.2 EXT
",KAT V4 35% 1.2 EXT IPSP,PRE ENGORDE,KAT,V4,0.35,1.2,EXTRUIDO,PNT,PRUEBA,ACTIVO,228.1,2024,V-1,12,202505,85
2102108,1000027665,1000029660,30006720,NA,IPSP,7530791,NA,RA,ECUADOR,IPSP,INDUSTRIAL PESQUERA SANTA PRISCILA,INDUSTRIAL PESQUERA SANTA PRISCILA,,IPSP - SINGAPUR,1168030,JARA AREVALO ADRIAN ENRIQUE,2042,IPSP,7530791,7530791 - KAT V4 35% 1.2 EXT IPSP,KAT V4 35% 1.2 EXT IPSP,Alimento Camarones,"Nicovita Katal Camarón 35% 1.2 EXT
",KAT V4 35% 1.2 EXT IPSP,PRE ENGORDE,KAT,V4,0.35,1.2,EXTRUIDO,PNT,PRUEBA,ACTIVO,86.25,2024,V-1,07,202504,45
2102108,1000027665,1000029660,30006720,NA,IPSP,7530791,NA,RA,ECUADOR,IPSP,INDUSTRIAL PESQUERA SANTA PRISCILA,INDUSTRIAL PESQUERA SANTA PRISCILA,,IPSP - SINGAPUR,1168030,JARA AREVALO ADRIAN ENRIQUE,2042,IPSP,7530791,7530791 - KAT V4 35% 1.2 EXT IPSP,KAT V4 35% 1.2 EXT IPSP,Alimento Camarones,"Nicovita Katal Camarón 35% 1.2 EXT
",KAT V4 35% 1.2 EXT IPSP,PRE ENGORDE,KAT,V4,0.35,1.2,EXTRUIDO,PNT,PRUEBA,ACTIVO,86.25,2024,V-1,10,202505,3.75
2102108,1000027665,1000029660,30006720,NA,IPSP,7530791,NA,RA,ECUADOR,IPSP,INDUSTRIAL PESQUERA SANTA PRISCILA,INDUSTRIAL PESQUERA SANTA PRISCILA,,IPSP - SINGAPUR,1168030,JARA AREVALO ADRIAN ENRIQUE,2042,IPSP,7530791,7530791 - KAT V4 35% 1.2 EXT IPSP,KAT V4 35% 1.2 EXT IPSP,Alimento Camarones,"Nicovita Katal Camarón 35% 1.2 EXT
",KAT V4 35% 1.2 EXT IPSP,PRE ENGORDE,KAT,V4,0.35,1.2,EXTRUIDO,PNT,PRUEBA,ACTIVO,86.25,2024,V-1,12,202503,37.5
2102108,1000027665,1000029660,30005409,NA,IPSP,7530791,NA,RA,ECUADOR,IPSP,INDUSTRIAL PESQUERA SANTA PRISCILA,INDUSTRIAL PESQUERA SANTA PRISCILA,,STA.PRISCILA TAURA,1168030,JARA AREVALO ADRIAN ENRIQUE,2042,IPSP,7530791,7530791 - KAT V4 35% 1.2 EXT IPSP,KAT V4 35% 1.2 EXT IPSP,Alimento Camarones,"Nicovita Katal Camarón 35% 1.2 EXT
",KAT V4 35% 1.2 EXT IPSP,PRE ENGORDE,KAT,V4,0.35,1.2,EXTRUIDO,PNT,PRUEBA,ACTIVO,177.35,2024,V-1,07,202505,14.85
2102108,1000027665,1000029660,30005409,NA,IPSP,7530791,NA,RA,ECUADOR,IPSP,INDUSTRIAL PESQUERA SANTA PRISCILA,INDUSTRIAL PESQUERA SANTA PRISCILA,,STA.PRISCILA TAURA,1168030,JARA AREVALO ADRIAN ENRIQUE,2042,IPSP,7530791,7530791 - KAT V4 35% 1.2 EXT IPSP,KAT V4 35% 1.2 EXT IPSP,Alimento Camarones,"Nicovita Katal Camarón 35% 1.2 EXT
",KAT V4 35% 1.2 EXT IPSP,PRE ENGORDE,KAT,V4,0.35,1.2,EXTRUIDO,PNT,PRUEBA,ACTIVO,177.35,2024,V-1,09,202505,87.5
2102108,1000027665,1000029660,30005409,NA,IPSP,7530791,NA,RA,ECUADOR,IPSP,INDUSTRIAL PESQUERA SANTA PRISCILA,INDUSTRIAL PESQUERA SANTA PRISCILA,,STA.PRISCILA TAURA,1168030,JARA AREVALO ADRIAN ENRIQUE,2042,IPSP,7530791,7530791 - KAT V4 35% 1.2 EXT IPSP,KAT V4 35% 1.2 EXT IPSP,Alimento Camarones,"Nicovita Katal Camarón 35% 1.2 EXT
",KAT V4 35% 1.2 EXT IPSP,PRE ENGORDE,KAT,V4,0.35,1.2,EXTRUIDO,PNT,PRUEBA,ACTIVO,177.35,2024,V-1,10,202501,75
2102108,1000027665,1000029660,30005533,NA,IPSP,7530791,NA,RA,ECUADOR,IPSP,INDUSTRIAL PESQUERA SANTA PRISCILA,INDUSTRIAL PESQUERA SANTA PRISCILA,,STA.PRISCILA ASIA,1168030,JARA AREVALO ADRIAN ENRIQUE,2042,IPSP,7530791,7530791 - KAT V4 35% 1.2 EXT IPSP,KAT V4 35% 1.2 EXT IPSP,Alimento Camarones,"Nicovita Katal Camarón 35% 1.2 EXT
",KAT V4 35% 1.2 EXT IPSP,PRE ENGORDE,KAT,V4,0.35,1.2,EXTRUIDO,PNT,PRUEBA,ACTIVO,135,2024,V-1,07,202501,50
2102108,1000027665,1000029660,30005533,NA,IPSP,7530791,NA,RA,ECUADOR,IPSP,INDUSTRIAL PESQUERA SANTA PRISCILA,INDUSTRIAL PESQUERA SANTA PRISCILA,,STA.PRISCILA ASIA,1168030,JARA AREVALO ADRIAN ENRIQUE,2042,IPSP,7530791,7530791 - KAT V4 35% 1.2 EXT IPSP,KAT V4 35% 1.2 EXT IPSP,Alimento Camarones,"Nicovita Katal Camarón 35% 1.2 EXT
",KAT V4 35% 1.2 EXT IPSP,PRE ENGORDE,KAT,V4,0.35,1.2,EXTRUIDO,PNT,PRUEBA,ACTIVO,135,2024,V-1,09,202503,12.5
2102108,1000027665,1000029660,30005533,NA,IPSP,7530791,NA,RA,ECUADOR,IPSP,INDUSTRIAL PESQUERA SANTA PRISCILA,INDUSTRIAL PESQUERA SANTA PRISCILA,,STA.PRISCILA ASIA,1168030,JARA AREVALO ADRIAN ENRIQUE,2042,IPSP,7530791,7530791 - KAT V4 35% 1.2 EXT IPSP,KAT V4 35% 1.2 EXT IPSP,Alimento Camarones,"Nicovita Katal Camarón 35% 1.2 EXT
",KAT V4 35% 1.2 EXT IPSP,PRE ENGORDE,KAT,V4,0.35,1.2,EXTRUIDO,PNT,PRUEBA,ACTIVO,135,2024,V-1,10,202504,62.5
2102108,1000027665,1000029660,30005533,NA,IPSP,7530791,NA,RA,ECUADOR,IPSP,INDUSTRIAL PESQUERA SANTA PRISCILA,INDUSTRIAL PESQUERA SANTA PRISCILA,,STA.PRISCILA ASIA,1168030,JARA AREVALO ADRIAN ENRIQUE,2042,IPSP,7530791,7530791 - KAT V4 35% 1.2 EXT IPSP,KAT V4 35% 1.2 EXT IPSP,Alimento Camarones,"Nicovita Katal Camarón 35% 1.2 EXT
",KAT V4 35% 1.2 EXT IPSP,PRE ENGORDE,KAT,V4,0.35,1.2,EXTRUIDO,PNT,PRUEBA,ACTIVO,135,2024,V-1,11,202505,10
2102108,1000027665,1000029660,30005810,NA,IPSP,7530791,NA,RA,ECUADOR,IPSP,INDUSTRIAL PESQUERA SANTA PRISCILA,INDUSTRIAL PESQUERA SANTA PRISCILA,,STA.PRISCILA DAULAR,1168030,JARA AREVALO ADRIAN ENRIQUE,2042,IPSP,7530791,7530791 - KAT V4 35% 1.2 EXT IPSP,KAT V4 35% 1.2 EXT IPSP,Alimento Camarones,"Nicovita Katal Camarón 35% 1.2 EXT
",KAT V4 35% 1.2 EXT IPSP,PRE ENGORDE,KAT,V4,0.35,1.2,EXTRUIDO,PNT,PRUEBA,ACTIVO,2.5,2024,V-1,10,202505,2.5
2102108,1000027665,1000029660,30005104,NA,IPSP,7530791,NA,RA,ECUADOR,IPSP,INDUSTRIAL PESQUERA SANTA PRISCILA,INDUSTRIAL PESQUERA SANTA PRISCILA,,CABALA 1 - IPSP DIR,1168030,JARA AREVALO ADRIAN ENRIQUE,2042,IPSP,7530791,7530791 - KAT V4 35% 1.2 EXT IPSP,KAT V4 35% 1.2 EXT IPSP,Alimento Camarones,"Nicovita Katal Camarón 35% 1.2 EXT
",KAT V4 35% 1.2 EXT IPSP,PRE ENGORDE,KAT,V4,0.35,1.2,EXTRUIDO,PNT,PRUEBA,ACTIVO,30,PYABR25(2025),(PY-2)(+0),01,202501,25
2102108,1000027665,1000029660,30005104,NA,IPSP,7530791,NA,RA,ECUADOR,IPSP,INDUSTRIAL PESQUERA SANTA PRISCILA,INDUSTRIAL PESQUERA SANTA PRISCILA,,CABALA 1 - IPSP DIR,1168030,JARA AREVALO ADRIAN ENRIQUE,2042,IPSP,7530791,7530791 - KAT V4 35% 1.2 EXT IPSP,KAT V4 35% 1.2 EXT IPSP,Alimento Camarones,"Nicovita Katal Camarón 35% 1.2 EXT
",KAT V4 35% 1.2 EXT IPSP,PRE ENGORDE,KAT,V4,0.35,1.2,EXTRUIDO,PNT,PRUEBA,ACTIVO,30,PYABR25(2025),(PY-2)(+0),02,202502,5
2102108,1000027665,1000029660,30005106,NA,IPSP,7530791,NA,RA,ECUADOR,IPSP,INDUSTRIAL PESQUERA SANTA PRISCILA,INDUSTRIAL PESQUERA SANTA PRISCILA,,JAMAICA - IPSP DIR,1168030,JARA AREVALO ADRIAN ENRIQUE,2042,IPSP,7530791,7530791 - KAT V4 35% 1.2 EXT IPSP,KAT V4 35% 1.2 EXT IPSP,Alimento Camarones,"Nicovita Katal Camarón 35% 1.2 EXT
",KAT V4 35% 1.2 EXT IPSP,PRE ENGORDE,KAT,V4,0.35,1.2,EXTRUIDO,PNT,PRUEBA,ACTIVO,13,PYABR25(2025),(PY-2)(+0),01,202501,12.5
2102108,1000027665,1000029660,30005106,NA,IPSP,7530791,NA,RA,ECUADOR,IPSP,INDUSTRIAL PESQUERA SANTA PRISCILA,INDUSTRIAL PESQUERA SANTA PRISCILA,,JAMAICA - IPSP DIR,1168030,JARA AREVALO ADRIAN ENRIQUE,2042,IPSP,7530791,7530791 - KAT V4 35% 1.2 EXT IPSP,KAT V4 35% 1.2 EXT IPSP,Alimento Camarones,"Nicovita Katal Camarón 35% 1.2 EXT
",KAT V4 35% 1.2 EXT IPSP,PRE ENGORDE,KAT,V4,0.35,1.2,EXTRUIDO,PNT,PRUEBA,ACTIVO,13,PYABR25(2025),(PY-2)(+0),02,202502,0.5
2102108,1000027665,1000029660,30005317,NA,IPSP,7530791,NA,RA,ECUADOR,IPSP,INDUSTRIAL PESQUERA SANTA PRISCILA,INDUSTRIAL PESQUERA SANTA PRISCILA,,STA.PRISCILA  BAJEN 1,1168030,JARA AREVALO ADRIAN ENRIQUE,2042,IPSP,7530791,7530791 - KAT V4 35% 1.2 EXT IPSP,KAT V4 35% 1.2 EXT IPSP,Alimento Camarones,"Nicovita Katal Camarón 35% 1.2 EXT
",KAT V4 35% 1.2 EXT IPSP,PRE ENGORDE,KAT,V4,0.35,1.2,EXTRUIDO,PNT,PRUEBA,ACTIVO,374.55,PYABR25(2025),(PY-2)(+0),01,202501,178.2
2102108,1000027665,1000029660,30005317,NA,IPSP,7530791,NA,RA,ECUADOR,IPSP,INDUSTRIAL PESQUERA SANTA PRISCILA,INDUSTRIAL PESQUERA SANTA PRISCILA,,STA.PRISCILA  BAJEN 1,1168030,JARA AREVALO ADRIAN ENRIQUE,2042,IPSP,7530791,7530791 - KAT V4 35% 1.2 EXT IPSP,KAT V4 35% 1.2 EXT IPSP,Alimento Camarones,"Nicovita Katal Camarón 35% 1.2 EXT
",KAT V4 35% 1.2 EXT IPSP,PRE ENGORDE,KAT,V4,0.35,1.2,EXTRUIDO,PNT,PRUEBA,ACTIVO,374.55,PYABR25(2025),(PY-2)(+0),02,202502,92.4
2102108,1000027665,1000029660,30005317,NA,IPSP,7530791,NA,RA,ECUADOR,IPSP,INDUSTRIAL PESQUERA SANTA PRISCILA,INDUSTRIAL PESQUERA SANTA PRISCILA,,STA.PRISCILA  BAJEN 1,1168030,JARA AREVALO ADRIAN ENRIQUE,2042,IPSP,7530791,7530791 - KAT V4 35% 1.2 EXT IPSP,KAT V4 35% 1.2 EXT IPSP,Alimento Camarones,"Nicovita Katal Camarón 35% 1.2 EXT
",KAT V4 35% 1.2 EXT IPSP,PRE ENGORDE,KAT,V4,0.35,1.2,EXTRUIDO,PNT,PRUEBA,ACTIVO,374.55,PYABR25(2025),(PY-2)(+0),03,202503,103.95
2102108,1000027665,1000029660,30005335,NA,IPSP,7530791,NA,RA,ECUADOR,IPSP,INDUSTRIAL PESQUERA SANTA PRISCILA,INDUSTRIAL PESQUERA SANTA PRISCILA,,STA. PRISCILLA - CORVINERO,1168030,JARA AREVALO ADRIAN ENRIQUE,2042,IPSP,7530791,7530791 - KAT V4 35% 1.2 EXT IPSP,KAT V4 35% 1.2 EXT IPSP,Alimento Camarones,"Nicovita Katal Camarón 35% 1.2 EXT
",KAT V4 35% 1.2 EXT IPSP,PRE ENGORDE,KAT,V4,0.35,1.2,EXTRUIDO,PNT,PRUEBA,ACTIVO,412.5,PYABR25(2025),(PY-2)(+0),01,202501,148.5
2102108,1000027665,1000029660,30005335,NA,IPSP,7530791,NA,RA,ECUADOR,IPSP,INDUSTRIAL PESQUERA SANTA PRISCILA,INDUSTRIAL PESQUERA SANTA PRISCILA,,STA. PRISCILLA - CORVINERO,1168030,JARA AREVALO ADRIAN ENRIQUE,2042,IPSP,7530791,7530791 - KAT V4 35% 1.2 EXT IPSP,KAT V4 35% 1.2 EXT IPSP,Alimento Camarones,"Nicovita Katal Camarón 35% 1.2 EXT
",KAT V4 35% 1.2 EXT IPSP,PRE ENGORDE,KAT,V4,0.35,1.2,EXTRUIDO,PNT,PRUEBA,ACTIVO,412.5,PYABR25(2025),(PY-2)(+0),02,202502,97.35
2102108,1000027665,1000029660,30005335,NA,IPSP,7530791,NA,RA,ECUADOR,IPSP,INDUSTRIAL PESQUERA SANTA PRISCILA,INDUSTRIAL PESQUERA SANTA PRISCILA,,STA. PRISCILLA - CORVINERO,1168030,JARA AREVALO ADRIAN ENRIQUE,2042,IPSP,7530791,7530791 - KAT V4 35% 1.2 EXT IPSP,KAT V4 35% 1.2 EXT IPSP,Alimento Camarones,"Nicovita Katal Camarón 35% 1.2 EXT
",KAT V4 35% 1.2 EXT IPSP,PRE ENGORDE,KAT,V4,0.35,1.2,EXTRUIDO,PNT,PRUEBA,ACTIVO,412.5,PYABR25(2025),(PY-2)(+0),03,202503,166.65
2102108,1000027665,1000029660,30005403,NA,IPSP,7530791,NA,RA,ECUADOR,IPSP,INDUSTRIAL PESQUERA SANTA PRISCILA,INDUSTRIAL PESQUERA SANTA PRISCILA,,STA. PRISCILLA GOLFO-PTO. HONDO,1168030,JARA AREVALO ADRIAN ENRIQUE,2042,IPSP,7530791,7530791 - KAT V4 35% 1.2 EXT IPSP,KAT V4 35% 1.2 EXT IPSP,Alimento Camarones,"Nicovita Katal Camarón 35% 1.2 EXT
",KAT V4 35% 1.2 EXT IPSP,PRE ENGORDE,KAT,V4,0.35,1.2,EXTRUIDO,PNT,PRUEBA,ACTIVO,15,PYABR25(2025),(PY-2)(+0),01,202501,15
2102108,1000027665,1000029660,30005406,NA,IPSP,7530791,NA,RA,ECUADOR,IPSP,INDUSTRIAL PESQUERA SANTA PRISCILA,INDUSTRIAL PESQUERA SANTA PRISCILA,,STA. PRISCILLA - CALIFORNIA,1168030,JARA AREVALO ADRIAN ENRIQUE,2042,IPSP,7530791,7530791 - KAT V4 35% 1.2 EXT IPSP,KAT V4 35% 1.2 EXT IPSP,Alimento Camarones,"Nicovita Katal Camarón 35% 1.2 EXT
",KAT V4 35% 1.2 EXT IPSP,PRE ENGORDE,KAT,V4,0.35,1.2,EXTRUIDO,PNT,PRUEBA,ACTIVO,558.05,PYABR25(2025),(PY-2)(+0),01,202501,358.05
2102108,1000027665,1000029660,30005406,NA,IPSP,7530791,NA,RA,ECUADOR,IPSP,INDUSTRIAL PESQUERA SANTA PRISCILA,INDUSTRIAL PESQUERA SANTA PRISCILA,,STA. PRISCILLA - CALIFORNIA,1168030,JARA AREVALO ADRIAN ENRIQUE,2042,IPSP,7530791,7530791 - KAT V4 35% 1.2 EXT IPSP,KAT V4 35% 1.2 EXT IPSP,Alimento Camarones,"Nicovita Katal Camarón 35% 1.2 EXT
",KAT V4 35% 1.2 EXT IPSP,PRE ENGORDE,KAT,V4,0.35,1.2,EXTRUIDO,PNT,PRUEBA,ACTIVO,558.05,PYABR25(2025),(PY-2)(+0),02,202502,200
2102108,1000027665,1000029660,30005406,NA,IPSP,7530791,NA,RA,ECUADOR,IPSP,INDUSTRIAL PESQUERA SANTA PRISCILA,INDUSTRIAL PESQUERA SANTA PRISCILA,,STA. PRISCILLA - CALIFORNIA,1168030,JARA AREVALO ADRIAN ENRIQUE,2042,IPSP,7530791,7530791 - KAT V4 35% 1.2 EXT IPSP,KAT V4 35% 1.2 EXT IPSP,Alimento Camarones,"Nicovita Katal Camarón 35% 1.2 EXT
",KAT V4 35% 1.2 EXT IPSP,PRE ENGORDE,KAT,V4,0.35,1.2,EXTRUIDO,PNT,PRUEBA,ACTIVO,558.05,PYABR25(2025),(PY-2)(+0),03,202503,0
2102108,1000027665,1000029660,30005533,NA,IPSP,7530791,NA,RA,ECUADOR,IPSP,INDUSTRIAL PESQUERA SANTA PRISCILA,INDUSTRIAL PESQUERA SANTA PRISCILA,,STA.PRISCILA ASIA,1168030,JARA AREVALO ADRIAN ENRIQUE,2042,IPSP,7530791,7530791 - KAT V4 35% 1.2 EXT IPSP,KAT V4 35% 1.2 EXT IPSP,Alimento Camarones,"Nicovita Katal Camarón 35% 1.2 EXT
",KAT V4 35% 1.2 EXT IPSP,PRE ENGORDE,KAT,V4,0.35,1.2,EXTRUIDO,PNT,PRUEBA,ACTIVO,151.25,PYABR25(2025),(PY-2)(+0),01,202501,88.75
2102108,1000027665,1000029660,30005533,NA,IPSP,7530791,NA,RA,ECUADOR,IPSP,INDUSTRIAL PESQUERA SANTA PRISCILA,INDUSTRIAL PESQUERA SANTA PRISCILA,,STA.PRISCILA ASIA,1168030,JARA AREVALO ADRIAN ENRIQUE,2042,IPSP,7530791,7530791 - KAT V4 35% 1.2 EXT IPSP,KAT V4 35% 1.2 EXT IPSP,Alimento Camarones,"Nicovita Katal Camarón 35% 1.2 EXT
",KAT V4 35% 1.2 EXT IPSP,PRE ENGORDE,KAT,V4,0.35,1.2,EXTRUIDO,PNT,PRUEBA,ACTIVO,151.25,PYABR25(2025),(PY-2)(+0),03,202503,62.5
2102108,1000027665,1000029660,30005626,NA,IPSP,7530791,NA,RA,ECUADOR,IPSP,INDUSTRIAL PESQUERA SANTA PRISCILA,INDUSTRIAL PESQUERA SANTA PRISCILA,,CABALA 2 - IPSP DIR,1168030,JARA AREVALO ADRIAN ENRIQUE,2042,IPSP,7530791,7530791 - KAT V4 35% 1.2 EXT IPSP,KAT V4 35% 1.2 EXT IPSP,Alimento Camarones,"Nicovita Katal Camarón 35% 1.2 EXT
",KAT V4 35% 1.2 EXT IPSP,PRE ENGORDE,KAT,V4,0.35,1.2,EXTRUIDO,PNT,PRUEBA,ACTIVO,12.5,PYABR25(2025),(PY-2)(+0),01,202501,12.5
2102108,1000027665,1000029660,30005768,NA,IPSP,7530791,NA,RA,ECUADOR,IPSP,INDUSTRIAL PESQUERA SANTA PRISCILA,INDUSTRIAL PESQUERA SANTA PRISCILA,,STA.PRISCILA CHANDUY,1168030,JARA AREVALO ADRIAN ENRIQUE,2042,IPSP,7530791,7530791 - KAT V4 35% 1.2 EXT IPSP,KAT V4 35% 1.2 EXT IPSP,Alimento Camarones,"Nicovita Katal Camarón 35% 1.2 EXT
",KAT V4 35% 1.2 EXT IPSP,PRE ENGORDE,KAT,V4,0.35,1.2,EXTRUIDO,PNT,PRUEBA,ACTIVO,267.3,PYABR25(2025),(PY-2)(+0),01,202501,163.35
2102108,1000027665,1000029660,30005768,NA,IPSP,7530791,NA,RA,ECUADOR,IPSP,INDUSTRIAL PESQUERA SANTA PRISCILA,INDUSTRIAL PESQUERA SANTA PRISCILA,,STA.PRISCILA CHANDUY,1168030,JARA AREVALO ADRIAN ENRIQUE,2042,IPSP,7530791,7530791 - KAT V4 35% 1.2 EXT IPSP,KAT V4 35% 1.2 EXT IPSP,Alimento Camarones,"Nicovita Katal Camarón 35% 1.2 EXT
",KAT V4 35% 1.2 EXT IPSP,PRE ENGORDE,KAT,V4,0.35,1.2,EXTRUIDO,PNT,PRUEBA,ACTIVO,267.3,PYABR25(2025),(PY-2)(+0),03,202503,103.95
2102108,1000027665,1000029660,30005769,NA,IPSP,7530791,NA,RA,ECUADOR,IPSP,INDUSTRIAL PESQUERA SANTA PRISCILA,INDUSTRIAL PESQUERA SANTA PRISCILA,,STA. PRISCILA  PAÑAMAO,1168030,JARA AREVALO ADRIAN ENRIQUE,2042,IPSP,7530791,7530791 - KAT V4 35% 1.2 EXT IPSP,KAT V4 35% 1.2 EXT IPSP,Alimento Camarones,"Nicovita Katal Camarón 35% 1.2 EXT
",KAT V4 35% 1.2 EXT IPSP,PRE ENGORDE,KAT,V4,0.35,1.2,EXTRUIDO,PNT,PRUEBA,ACTIVO,816.7,PYABR25(2025),(PY-2)(+0),01,202501,326.7
2102108,1000027665,1000029660,30005769,NA,IPSP,7530791,NA,RA,ECUADOR,IPSP,INDUSTRIAL PESQUERA SANTA PRISCILA,INDUSTRIAL PESQUERA SANTA PRISCILA,,STA. PRISCILA  PAÑAMAO,1168030,JARA AREVALO ADRIAN ENRIQUE,2042,IPSP,7530791,7530791 - KAT V4 35% 1.2 EXT IPSP,KAT V4 35% 1.2 EXT IPSP,Alimento Camarones,"Nicovita Katal Camarón 35% 1.2 EXT
",KAT V4 35% 1.2 EXT IPSP,PRE ENGORDE,KAT,V4,0.35,1.2,EXTRUIDO,PNT,PRUEBA,ACTIVO,816.7,PYABR25(2025),(PY-2)(+0),02,202502,237.6
2102108,1000027665,1000029660,30005769,NA,IPSP,7530791,NA,RA,ECUADOR,IPSP,INDUSTRIAL PESQUERA SANTA PRISCILA,INDUSTRIAL PESQUERA SANTA PRISCILA,,STA. PRISCILA  PAÑAMAO,1168030,JARA AREVALO ADRIAN ENRIQUE,2042,IPSP,7530791,7530791 - KAT V4 35% 1.2 EXT IPSP,KAT V4 35% 1.2 EXT IPSP,Alimento Camarones,"Nicovita Katal Camarón 35% 1.2 EXT
",KAT V4 35% 1.2 EXT IPSP,PRE ENGORDE,KAT,V4,0.35,1.2,EXTRUIDO,PNT,PRUEBA,ACTIVO,816.7,PYABR25(2025),(PY-2)(+0),03,202503,252.4
2102108,1000027665,1000029660,30005795,NA,IPSP,7530791,NA,RA,ECUADOR,IPSP,INDUSTRIAL PESQUERA SANTA PRISCILA,INDUSTRIAL PESQUERA SANTA PRISCILA,,STA.PRISCILA CHURUTE,1168030,JARA AREVALO ADRIAN ENRIQUE,2042,IPSP,7530791,7530791 - KAT V4 35% 1.2 EXT IPSP,KAT V4 35% 1.2 EXT IPSP,Alimento Camarones,"Nicovita Katal Camarón 35% 1.2 EXT
",KAT V4 35% 1.2 EXT IPSP,PRE ENGORDE,KAT,V4,0.35,1.2,EXTRUIDO,PNT,PRUEBA,ACTIVO,138.8,PYABR25(2025),(PY-2)(+0),01,202501,89.1
2102108,1000027665,1000029660,30005795,NA,IPSP,7530791,NA,RA,ECUADOR,IPSP,INDUSTRIAL PESQUERA SANTA PRISCILA,INDUSTRIAL PESQUERA SANTA PRISCILA,,STA.PRISCILA CHURUTE,1168030,JARA AREVALO ADRIAN ENRIQUE,2042,IPSP,7530791,7530791 - KAT V4 35% 1.2 EXT IPSP,KAT V4 35% 1.2 EXT IPSP,Alimento Camarones,"Nicovita Katal Camarón 35% 1.2 EXT
",KAT V4 35% 1.2 EXT IPSP,PRE ENGORDE,KAT,V4,0.35,1.2,EXTRUIDO,PNT,PRUEBA,ACTIVO,138.8,PYABR25(2025),(PY-2)(+0),02,202502,7.5
2102108,1000027665,1000029660,30005795,NA,IPSP,7530791,NA,RA,ECUADOR,IPSP,INDUSTRIAL PESQUERA SANTA PRISCILA,INDUSTRIAL PESQUERA SANTA PRISCILA,,STA.PRISCILA CHURUTE,1168030,JARA AREVALO ADRIAN ENRIQUE,2042,IPSP,7530791,7530791 - KAT V4 35% 1.2 EXT IPSP,KAT V4 35% 1.2 EXT IPSP,Alimento Camarones,"Nicovita Katal Camarón 35% 1.2 EXT
",KAT V4 35% 1.2 EXT IPSP,PRE ENGORDE,KAT,V4,0.35,1.2,EXTRUIDO,PNT,PRUEBA,ACTIVO,138.8,PYABR25(2025),(PY-2)(+0),03,202503,42.2
2102108,1000027665,1000029660,30005855,NA,IPSP,7530791,NA,RA,ECUADOR,IPSP,INDUSTRIAL PESQUERA SANTA PRISCILA,INDUSTRIAL PESQUERA SANTA PRISCILA,,STA.PRISCILA KOREA,1168030,JARA AREVALO ADRIAN ENRIQUE,2042,IPSP,7530791,7530791 - KAT V4 35% 1.2 EXT IPSP,KAT V4 35% 1.2 EXT IPSP,Alimento Camarones,"Nicovita Katal Camarón 35% 1.2 EXT
",KAT V4 35% 1.2 EXT IPSP,PRE ENGORDE,KAT,V4,0.35,1.2,EXTRUIDO,PNT,PRUEBA,ACTIVO,267.3,PYABR25(2025),(PY-2)(+0),01,202501,89.1
2102108,1000027665,1000029660,30005855,NA,IPSP,7530791,NA,RA,ECUADOR,IPSP,INDUSTRIAL PESQUERA SANTA PRISCILA,INDUSTRIAL PESQUERA SANTA PRISCILA,,STA.PRISCILA KOREA,1168030,JARA AREVALO ADRIAN ENRIQUE,2042,IPSP,7530791,7530791 - KAT V4 35% 1.2 EXT IPSP,KAT V4 35% 1.2 EXT IPSP,Alimento Camarones,"Nicovita Katal Camarón 35% 1.2 EXT
",KAT V4 35% 1.2 EXT IPSP,PRE ENGORDE,KAT,V4,0.35,1.2,EXTRUIDO,PNT,PRUEBA,ACTIVO,267.3,PYABR25(2025),(PY-2)(+0),02,202502,29.7
2102108,1000027665,1000029660,30005855,NA,IPSP,7530791,NA,RA,ECUADOR,IPSP,INDUSTRIAL PESQUERA SANTA PRISCILA,INDUSTRIAL PESQUERA SANTA PRISCILA,,STA.PRISCILA KOREA,1168030,JARA AREVALO ADRIAN ENRIQUE,2042,IPSP,7530791,7530791 - KAT V4 35% 1.2 EXT IPSP,KAT V4 35% 1.2 EXT IPSP,Alimento Camarones,"Nicovita Katal Camarón 35% 1.2 EXT
",KAT V4 35% 1.2 EXT IPSP,PRE ENGORDE,KAT,V4,0.35,1.2,EXTRUIDO,PNT,PRUEBA,ACTIVO,267.3,PYABR25(2025),(PY-2)(+0),03,202503,148.5
2102108,1000027665,1000029660,30005946,NA,IPSP,7530791,NA,RA,ECUADOR,IPSP,INDUSTRIAL PESQUERA SANTA PRISCILA,INDUSTRIAL PESQUERA SANTA PRISCILA,,STA.PRISCILA AFRICA - CAMERÚN (PRU),1168030,JARA AREVALO ADRIAN ENRIQUE,2042,IPSP,7530791,7530791 - KAT V4 35% 1.2 EXT IPSP,KAT V4 35% 1.2 EXT IPSP,Alimento Camarones,"Nicovita Katal Camarón 35% 1.2 EXT
",KAT V4 35% 1.2 EXT IPSP,PRE ENGORDE,KAT,V4,0.35,1.2,EXTRUIDO,PNT,PRUEBA,ACTIVO,328.7,PYABR25(2025),(PY-2)(+0),01,202501,184.9
2102108,1000027665,1000029660,30005946,NA,IPSP,7530791,NA,RA,ECUADOR,IPSP,INDUSTRIAL PESQUERA SANTA PRISCILA,INDUSTRIAL PESQUERA SANTA PRISCILA,,STA.PRISCILA AFRICA - CAMERÚN (PRU),1168030,JARA AREVALO ADRIAN ENRIQUE,2042,IPSP,7530791,7530791 - KAT V4 35% 1.2 EXT IPSP,KAT V4 35% 1.2 EXT IPSP,Alimento Camarones,"Nicovita Katal Camarón 35% 1.2 EXT
",KAT V4 35% 1.2 EXT IPSP,PRE ENGORDE,KAT,V4,0.35,1.2,EXTRUIDO,PNT,PRUEBA,ACTIVO,328.7,PYABR25(2025),(PY-2)(+0),02,202502,12.5
2102108,1000027665,1000029660,30005946,NA,IPSP,7530791,NA,RA,ECUADOR,IPSP,INDUSTRIAL PESQUERA SANTA PRISCILA,INDUSTRIAL PESQUERA SANTA PRISCILA,,STA.PRISCILA AFRICA - CAMERÚN (PRU),1168030,JARA AREVALO ADRIAN ENRIQUE,2042,IPSP,7530791,7530791 - KAT V4 35% 1.2 EXT IPSP,KAT V4 35% 1.2 EXT IPSP,Alimento Camarones,"Nicovita Katal Camarón 35% 1.2 EXT
",KAT V4 35% 1.2 EXT IPSP,PRE ENGORDE,KAT,V4,0.35,1.2,EXTRUIDO,PNT,PRUEBA,ACTIVO,328.7,PYABR25(2025),(PY-2)(+0),03,202503,131.3
2102108,1000027665,1000029660,30006720,NA,IPSP,7530791,NA,RA,ECUADOR,IPSP,INDUSTRIAL PESQUERA SANTA PRISCILA,INDUSTRIAL PESQUERA SANTA PRISCILA,,IPSP - SINGAPUR,1168030,JARA AREVALO ADRIAN ENRIQUE,2042,IPSP,7530791,7530791 - KAT V4 35% 1.2 EXT IPSP,KAT V4 35% 1.2 EXT IPSP,Alimento Camarones,"Nicovita Katal Camarón 35% 1.2 EXT
",KAT V4 35% 1.2 EXT IPSP,PRE ENGORDE,KAT,V4,0.35,1.2,EXTRUIDO,PNT,PRUEBA,ACTIVO,18.55,PYABR25(2025),(PY-2)(+0),01,202501,17.5
2102108,1000027665,1000029660,30006720,NA,IPSP,7530791,NA,RA,ECUADOR,IPSP,INDUSTRIAL PESQUERA SANTA PRISCILA,INDUSTRIAL PESQUERA SANTA PRISCILA,,IPSP - SINGAPUR,1168030,JARA AREVALO ADRIAN ENRIQUE,2042,IPSP,7530791,7530791 - KAT V4 35% 1.2 EXT IPSP,KAT V4 35% 1.2 EXT IPSP,Alimento Camarones,"Nicovita Katal Camarón 35% 1.2 EXT
",KAT V4 35% 1.2 EXT IPSP,PRE ENGORDE,KAT,V4,0.35,1.2,EXTRUIDO,PNT,PRUEBA,ACTIVO,18.55,PYABR25(2025),(PY-2)(+0),02,202502,1.05
2102108,1000027665,1000029660,1000027665,NA,IPSP,7530791,NA,RA,ECUADOR,IPSP,INDUSTRIAL PESQUERA SANTA PRISCILA,INDUSTRIAL PESQUERA SANTA PRISCILA,,INDUSTRIAL PESQUERA SANTA PRISCILA,1168030,JARA AREVALO ADRIAN ENRIQUE,2042,IPSP,7530791,7530791 - KAT V4 35% 1.2 EXT IPSP,KAT V4 35% 1.2 EXT IPSP,Alimento Camarones,"Nicovita Katal Camarón 35% 1.2 EXT
",KAT V4 35% 1.2 EXT IPSP,PRE ENGORDE,KAT,V4,0.35,1.2,EXTRUIDO,PNT,PRUEBA,ACTIVO,5894,PYABR25(2025),(PY-2)(+0),07,202507,997
2102108,1000027665,1000029660,1000027665,NA,IPSP,7530791,NA,RA,ECUADOR,IPSP,INDUSTRIAL PESQUERA SANTA PRISCILA,INDUSTRIAL PESQUERA SANTA PRISCILA,,INDUSTRIAL PESQUERA SANTA PRISCILA,1168030,JARA AREVALO ADRIAN ENRIQUE,2042,IPSP,7530791,7530791 - KAT V4 35% 1.2 EXT IPSP,KAT V4 35% 1.2 EXT IPSP,Alimento Camarones,"Nicovita Katal Camarón 35% 1.2 EXT
",KAT V4 35% 1.2 EXT IPSP,PRE ENGORDE,KAT,V4,0.35,1.2,EXTRUIDO,PNT,PRUEBA,ACTIVO,5894,PYABR25(2025),(PY-2)(+0),08,202508,990
2102108,1000027665,1000029660,1000027665,NA,IPSP,7530791,NA,RA,ECUADOR,IPSP,INDUSTRIAL PESQUERA SANTA PRISCILA,INDUSTRIAL PESQUERA SANTA PRISCILA,,INDUSTRIAL PESQUERA SANTA PRISCILA,1168030,JARA AREVALO ADRIAN ENRIQUE,2042,IPSP,7530791,7530791 - KAT V4 35% 1.2 EXT IPSP,KAT V4 35% 1.2 EXT IPSP,Alimento Camarones,"Nicovita Katal Camarón 35% 1.2 EXT
",KAT V4 35% 1.2 EXT IPSP,PRE ENGORDE,KAT,V4,0.35,1.2,EXTRUIDO,PNT,PRUEBA,ACTIVO,5894,PYABR25(2025),(PY-2)(+0),09,202509,880
2102108,1000027665,1000029660,1000027665,NA,IPSP,7530791,NA,RA,ECUADOR,IPSP,INDUSTRIAL PESQUERA SANTA PRISCILA,INDUSTRIAL PESQUERA SANTA PRISCILA,,INDUSTRIAL PESQUERA SANTA PRISCILA,1168030,JARA AREVALO ADRIAN ENRIQUE,2042,IPSP,7530791,7530791 - KAT V4 35% 1.2 EXT IPSP,KAT V4 35% 1.2 EXT IPSP,Alimento Camarones,"Nicovita Katal Camarón 35% 1.2 EXT
",KAT V4 35% 1.2 EXT IPSP,PRE ENGORDE,KAT,V4,0.35,1.2,EXTRUIDO,PNT,PRUEBA,ACTIVO,5894,PYABR25(2025),(PY-2)(+0),10,202510,997
2102108,1000027665,1000029660,1000027665,NA,IPSP,7530791,NA,RA,ECUADOR,IPSP,INDUSTRIAL PESQUERA SANTA PRISCILA,INDUSTRIAL PESQUERA SANTA PRISCILA,,INDUSTRIAL PESQUERA SANTA PRISCILA,1168030,JARA AREVALO ADRIAN ENRIQUE,2042,IPSP,7530791,7530791 - KAT V4 35% 1.2 EXT IPSP,KAT V4 35% 1.2 EXT IPSP,Alimento Camarones,"Nicovita Katal Camarón 35% 1.2 EXT
",KAT V4 35% 1.2 EXT IPSP,PRE ENGORDE,KAT,V4,0.35,1.2,EXTRUIDO,PNT,PRUEBA,ACTIVO,5894,PYABR25(2025),(PY-2)(+0),11,202511,1040
2102108,1000027665,1000029660,1000027665,NA,IPSP,7530791,NA,RA,ECUADOR,IPSP,INDUSTRIAL PESQUERA SANTA PRISCILA,INDUSTRIAL PESQUERA SANTA PRISCILA,,INDUSTRIAL PESQUERA SANTA PRISCILA,1168030,JARA AREVALO ADRIAN ENRIQUE,2042,IPSP,7530791,7530791 - KAT V4 35% 1.2 EXT IPSP,KAT V4 35% 1.2 EXT IPSP,Alimento Camarones,"Nicovita Katal Camarón 35% 1.2 EXT
",KAT V4 35% 1.2 EXT IPSP,PRE ENGORDE,KAT,V4,0.35,1.2,EXTRUIDO,PNT,PRUEBA,ACTIVO,5894,PYABR25(2025),(PY-2)(+0),12,202512,990
2102108,1000027665,1000029660,30005769,NA,IPSP,7530791,NA,RA,ECUADOR,IPSP,INDUSTRIAL PESQUERA SANTA PRISCILA,INDUSTRIAL PESQUERA SANTA PRISCILA,,STA. PRISCILA  PAÑAMAO,1168030,JARA AREVALO ADRIAN ENRIQUE,2042,IPSP,7530791,7530791 - KAT V4 35% 1.2 EXT IPSP,KAT V4 35% 1.2 EXT IPSP,Alimento Camarones,"Nicovita Katal Camarón 35% 1.2 EXT
",KAT V4 35% 1.2 EXT IPSP,PRE ENGORDE,KAT,V4,0.35,1.2,EXTRUIDO,PNT,PRUEBA,ACTIVO,2685.26502,PYMAY25(2025),(PY-1)(+0),01,202501,326.7
2102108,1000027665,1000029660,30005769,NA,IPSP,7530791,NA,RA,ECUADOR,IPSP,INDUSTRIAL PESQUERA SANTA PRISCILA,INDUSTRIAL PESQUERA SANTA PRISCILA,,STA. PRISCILA  PAÑAMAO,1168030,JARA AREVALO ADRIAN ENRIQUE,2042,IPSP,7530791,7530791 - KAT V4 35% 1.2 EXT IPSP,KAT V4 35% 1.2 EXT IPSP,Alimento Camarones,"Nicovita Katal Camarón 35% 1.2 EXT
",KAT V4 35% 1.2 EXT IPSP,PRE ENGORDE,KAT,V4,0.35,1.2,EXTRUIDO,PNT,PRUEBA,ACTIVO,2685.26502,PYMAY25(2025),(PY-1)(+0),02,202502,237.6
2102108,1000027665,1000029660,30005769,NA,IPSP,7530791,NA,RA,ECUADOR,IPSP,INDUSTRIAL PESQUERA SANTA PRISCILA,INDUSTRIAL PESQUERA SANTA PRISCILA,,STA. PRISCILA  PAÑAMAO,1168030,JARA AREVALO ADRIAN ENRIQUE,2042,IPSP,7530791,7530791 - KAT V4 35% 1.2 EXT IPSP,KAT V4 35% 1.2 EXT IPSP,Alimento Camarones,"Nicovita Katal Camarón 35% 1.2 EXT
",KAT V4 35% 1.2 EXT IPSP,PRE ENGORDE,KAT,V4,0.35,1.2,EXTRUIDO,PNT,PRUEBA,ACTIVO,2685.26502,PYMAY25(2025),(PY-1)(+0),03,202503,252.4
2102108,1000027665,1000029660,30005769,NA,IPSP,7530791,NA,RA,ECUADOR,IPSP,INDUSTRIAL PESQUERA SANTA PRISCILA,INDUSTRIAL PESQUERA SANTA PRISCILA,,STA. PRISCILA  PAÑAMAO,1168030,JARA AREVALO ADRIAN ENRIQUE,2042,IPSP,7530791,7530791 - KAT V4 35% 1.2 EXT IPSP,KAT V4 35% 1.2 EXT IPSP,Alimento Camarones,"Nicovita Katal Camarón 35% 1.2 EXT
",KAT V4 35% 1.2 EXT IPSP,PRE ENGORDE,KAT,V4,0.35,1.2,EXTRUIDO,PNT,PRUEBA,ACTIVO,2685.26502,PYMAY25(2025),(PY-1)(+0),04,202504,222.75
2102108,1000027665,1000029660,30005769,NA,IPSP,7530791,NA,RA,ECUADOR,IPSP,INDUSTRIAL PESQUERA SANTA PRISCILA,INDUSTRIAL PESQUERA SANTA PRISCILA,,STA. PRISCILA  PAÑAMAO,1168030,JARA AREVALO ADRIAN ENRIQUE,2042,IPSP,7530791,7530791 - KAT V4 35% 1.2 EXT IPSP,KAT V4 35% 1.2 EXT IPSP,Alimento Camarones,"Nicovita Katal Camarón 35% 1.2 EXT
",KAT V4 35% 1.2 EXT IPSP,PRE ENGORDE,KAT,V4,0.35,1.2,EXTRUIDO,PNT,PRUEBA,ACTIVO,2685.26502,PYMAY25(2025),(PY-1)(+0),06,202506,60.41319106
2102108,1000027665,1000029660,30005769,NA,IPSP,7530791,NA,RA,ECUADOR,IPSP,INDUSTRIAL PESQUERA SANTA PRISCILA,INDUSTRIAL PESQUERA SANTA PRISCILA,,STA. PRISCILA  PAÑAMAO,1168030,JARA AREVALO ADRIAN ENRIQUE,2042,IPSP,7530791,7530791 - KAT V4 35% 1.2 EXT IPSP,KAT V4 35% 1.2 EXT IPSP,Alimento Camarones,"Nicovita Katal Camarón 35% 1.2 EXT
",KAT V4 35% 1.2 EXT IPSP,PRE ENGORDE,KAT,V4,0.35,1.2,EXTRUIDO,PNT,PRUEBA,ACTIVO,2685.26502,PYMAY25(2025),(PY-1)(+0),07,202507,275.1197127
2102108,1000027665,1000029660,30005769,NA,IPSP,7530791,NA,RA,ECUADOR,IPSP,INDUSTRIAL PESQUERA SANTA PRISCILA,INDUSTRIAL PESQUERA SANTA PRISCILA,,STA. PRISCILA  PAÑAMAO,1168030,JARA AREVALO ADRIAN ENRIQUE,2042,IPSP,7530791,7530791 - KAT V4 35% 1.2 EXT IPSP,KAT V4 35% 1.2 EXT IPSP,Alimento Camarones,"Nicovita Katal Camarón 35% 1.2 EXT
",KAT V4 35% 1.2 EXT IPSP,PRE ENGORDE,KAT,V4,0.35,1.2,EXTRUIDO,PNT,PRUEBA,ACTIVO,2685.26502,PYMAY25(2025),(PY-1)(+0),08,202508,257.0798564
2102108,1000027665,1000029660,30005769,NA,IPSP,7530791,NA,RA,ECUADOR,IPSP,INDUSTRIAL PESQUERA SANTA PRISCILA,INDUSTRIAL PESQUERA SANTA PRISCILA,,STA. PRISCILA  PAÑAMAO,1168030,JARA AREVALO ADRIAN ENRIQUE,2042,IPSP,7530791,7530791 - KAT V4 35% 1.2 EXT IPSP,KAT V4 35% 1.2 EXT IPSP,Alimento Camarones,"Nicovita Katal Camarón 35% 1.2 EXT
",KAT V4 35% 1.2 EXT IPSP,PRE ENGORDE,KAT,V4,0.35,1.2,EXTRUIDO,PNT,PRUEBA,ACTIVO,2685.26502,PYMAY25(2025),(PY-1)(+0),09,202509,252.9682045
2102108,1000027665,1000029660,30005769,NA,IPSP,7530791,NA,RA,ECUADOR,IPSP,INDUSTRIAL PESQUERA SANTA PRISCILA,INDUSTRIAL PESQUERA SANTA PRISCILA,,STA. PRISCILA  PAÑAMAO,1168030,JARA AREVALO ADRIAN ENRIQUE,2042,IPSP,7530791,7530791 - KAT V4 35% 1.2 EXT IPSP,KAT V4 35% 1.2 EXT IPSP,Alimento Camarones,"Nicovita Katal Camarón 35% 1.2 EXT
",KAT V4 35% 1.2 EXT IPSP,PRE ENGORDE,KAT,V4,0.35,1.2,EXTRUIDO,PNT,PRUEBA,ACTIVO,2685.26502,PYMAY25(2025),(PY-1)(+0),10,202510,272.4084055
2102108,1000027665,1000029660,30005769,NA,IPSP,7530791,NA,RA,ECUADOR,IPSP,INDUSTRIAL PESQUERA SANTA PRISCILA,INDUSTRIAL PESQUERA SANTA PRISCILA,,STA. PRISCILA  PAÑAMAO,1168030,JARA AREVALO ADRIAN ENRIQUE,2042,IPSP,7530791,7530791 - KAT V4 35% 1.2 EXT IPSP,KAT V4 35% 1.2 EXT IPSP,Alimento Camarones,"Nicovita Katal Camarón 35% 1.2 EXT
",KAT V4 35% 1.2 EXT IPSP,PRE ENGORDE,KAT,V4,0.35,1.2,EXTRUIDO,PNT,PRUEBA,ACTIVO,2685.26502,PYMAY25(2025),(PY-1)(+0),11,202511,275.4633476
2102108,1000027665,1000029660,30005769,NA,IPSP,7530791,NA,RA,ECUADOR,IPSP,INDUSTRIAL PESQUERA SANTA PRISCILA,INDUSTRIAL PESQUERA SANTA PRISCILA,,STA. PRISCILA  PAÑAMAO,1168030,JARA AREVALO ADRIAN ENRIQUE,2042,IPSP,7530791,7530791 - KAT V4 35% 1.2 EXT IPSP,KAT V4 35% 1.2 EXT IPSP,Alimento Camarones,"Nicovita Katal Camarón 35% 1.2 EXT
",KAT V4 35% 1.2 EXT IPSP,PRE ENGORDE,KAT,V4,0.35,1.2,EXTRUIDO,PNT,PRUEBA,ACTIVO,2685.26502,PYMAY25(2025),(PY-1)(+0),12,202512,252.3623019
2102108,1000027665,1000029660,30005768,NA,IPSP,7530791,NA,RA,ECUADOR,IPSP,INDUSTRIAL PESQUERA SANTA PRISCILA,INDUSTRIAL PESQUERA SANTA PRISCILA,,STA.PRISCILA CHANDUY,1168030,JARA AREVALO ADRIAN ENRIQUE,2042,IPSP,7530791,7530791 - KAT V4 35% 1.2 EXT IPSP,KAT V4 35% 1.2 EXT IPSP,Alimento Camarones,"Nicovita Katal Camarón 35% 1.2 EXT
",KAT V4 35% 1.2 EXT IPSP,PRE ENGORDE,KAT,V4,0.35,1.2,EXTRUIDO,PNT,PRUEBA,ACTIVO,1272.35894,PYMAY25(2025),(PY-1)(+0),01,202501,163.35
2102108,1000027665,1000029660,30005768,NA,IPSP,7530791,NA,RA,ECUADOR,IPSP,INDUSTRIAL PESQUERA SANTA PRISCILA,INDUSTRIAL PESQUERA SANTA PRISCILA,,STA.PRISCILA CHANDUY,1168030,JARA AREVALO ADRIAN ENRIQUE,2042,IPSP,7530791,7530791 - KAT V4 35% 1.2 EXT IPSP,KAT V4 35% 1.2 EXT IPSP,Alimento Camarones,"Nicovita Katal Camarón 35% 1.2 EXT
",KAT V4 35% 1.2 EXT IPSP,PRE ENGORDE,KAT,V4,0.35,1.2,EXTRUIDO,PNT,PRUEBA,ACTIVO,1272.35894,PYMAY25(2025),(PY-1)(+0),03,202503,103.95
2102108,1000027665,1000029660,30005768,NA,IPSP,7530791,NA,RA,ECUADOR,IPSP,INDUSTRIAL PESQUERA SANTA PRISCILA,INDUSTRIAL PESQUERA SANTA PRISCILA,,STA.PRISCILA CHANDUY,1168030,JARA AREVALO ADRIAN ENRIQUE,2042,IPSP,7530791,7530791 - KAT V4 35% 1.2 EXT IPSP,KAT V4 35% 1.2 EXT IPSP,Alimento Camarones,"Nicovita Katal Camarón 35% 1.2 EXT
",KAT V4 35% 1.2 EXT IPSP,PRE ENGORDE,KAT,V4,0.35,1.2,EXTRUIDO,PNT,PRUEBA,ACTIVO,1272.35894,PYMAY25(2025),(PY-1)(+0),04,202504,103.95
2102108,1000027665,1000029660,30005768,NA,IPSP,7530791,NA,RA,ECUADOR,IPSP,INDUSTRIAL PESQUERA SANTA PRISCILA,INDUSTRIAL PESQUERA SANTA PRISCILA,,STA.PRISCILA CHANDUY,1168030,JARA AREVALO ADRIAN ENRIQUE,2042,IPSP,7530791,7530791 - KAT V4 35% 1.2 EXT IPSP,KAT V4 35% 1.2 EXT IPSP,Alimento Camarones,"Nicovita Katal Camarón 35% 1.2 EXT
",KAT V4 35% 1.2 EXT IPSP,PRE ENGORDE,KAT,V4,0.35,1.2,EXTRUIDO,PNT,PRUEBA,ACTIVO,1272.35894,PYMAY25(2025),(PY-1)(+0),06,202506,127.1571299
2102108,1000027665,1000029660,30005768,NA,IPSP,7530791,NA,RA,ECUADOR,IPSP,INDUSTRIAL PESQUERA SANTA PRISCILA,INDUSTRIAL PESQUERA SANTA PRISCILA,,STA.PRISCILA CHANDUY,1168030,JARA AREVALO ADRIAN ENRIQUE,2042,IPSP,7530791,7530791 - KAT V4 35% 1.2 EXT IPSP,KAT V4 35% 1.2 EXT IPSP,Alimento Camarones,"Nicovita Katal Camarón 35% 1.2 EXT
",KAT V4 35% 1.2 EXT IPSP,PRE ENGORDE,KAT,V4,0.35,1.2,EXTRUIDO,PNT,PRUEBA,ACTIVO,1272.35894,PYMAY25(2025),(PY-1)(+0),07,202507,133.6291105
2102108,1000027665,1000029660,30005768,NA,IPSP,7530791,NA,RA,ECUADOR,IPSP,INDUSTRIAL PESQUERA SANTA PRISCILA,INDUSTRIAL PESQUERA SANTA PRISCILA,,STA.PRISCILA CHANDUY,1168030,JARA AREVALO ADRIAN ENRIQUE,2042,IPSP,7530791,7530791 - KAT V4 35% 1.2 EXT IPSP,KAT V4 35% 1.2 EXT IPSP,Alimento Camarones,"Nicovita Katal Camarón 35% 1.2 EXT
",KAT V4 35% 1.2 EXT IPSP,PRE ENGORDE,KAT,V4,0.35,1.2,EXTRUIDO,PNT,PRUEBA,ACTIVO,1272.35894,PYMAY25(2025),(PY-1)(+0),08,202508,125.2105996
2102108,1000027665,1000029660,30005768,NA,IPSP,7530791,NA,RA,ECUADOR,IPSP,INDUSTRIAL PESQUERA SANTA PRISCILA,INDUSTRIAL PESQUERA SANTA PRISCILA,,STA.PRISCILA CHANDUY,1168030,JARA AREVALO ADRIAN ENRIQUE,2042,IPSP,7530791,7530791 - KAT V4 35% 1.2 EXT IPSP,KAT V4 35% 1.2 EXT IPSP,Alimento Camarones,"Nicovita Katal Camarón 35% 1.2 EXT
",KAT V4 35% 1.2 EXT IPSP,PRE ENGORDE,KAT,V4,0.35,1.2,EXTRUIDO,PNT,PRUEBA,ACTIVO,1272.35894,PYMAY25(2025),(PY-1)(+0),09,202509,123.2918288
2102108,1000027665,1000029660,30005768,NA,IPSP,7530791,NA,RA,ECUADOR,IPSP,INDUSTRIAL PESQUERA SANTA PRISCILA,INDUSTRIAL PESQUERA SANTA PRISCILA,,STA.PRISCILA CHANDUY,1168030,JARA AREVALO ADRIAN ENRIQUE,2042,IPSP,7530791,7530791 - KAT V4 35% 1.2 EXT IPSP,KAT V4 35% 1.2 EXT IPSP,Alimento Camarones,"Nicovita Katal Camarón 35% 1.2 EXT
",KAT V4 35% 1.2 EXT IPSP,PRE ENGORDE,KAT,V4,0.35,1.2,EXTRUIDO,PNT,PRUEBA,ACTIVO,1272.35894,PYMAY25(2025),(PY-1)(+0),10,202510,133.2521262
2102108,1000027665,1000029660,30005768,NA,IPSP,7530791,NA,RA,ECUADOR,IPSP,INDUSTRIAL PESQUERA SANTA PRISCILA,INDUSTRIAL PESQUERA SANTA PRISCILA,,STA.PRISCILA CHANDUY,1168030,JARA AREVALO ADRIAN ENRIQUE,2042,IPSP,7530791,7530791 - KAT V4 35% 1.2 EXT IPSP,KAT V4 35% 1.2 EXT IPSP,Alimento Camarones,"Nicovita Katal Camarón 35% 1.2 EXT
",KAT V4 35% 1.2 EXT IPSP,PRE ENGORDE,KAT,V4,0.35,1.2,EXTRUIDO,PNT,PRUEBA,ACTIVO,1272.35894,PYMAY25(2025),(PY-1)(+0),11,202511,134.5506496
2102108,1000027665,1000029660,30005768,NA,IPSP,7530791,NA,RA,ECUADOR,IPSP,INDUSTRIAL PESQUERA SANTA PRISCILA,INDUSTRIAL PESQUERA SANTA PRISCILA,,STA.PRISCILA CHANDUY,1168030,JARA AREVALO ADRIAN ENRIQUE,2042,IPSP,7530791,7530791 - KAT V4 35% 1.2 EXT IPSP,KAT V4 35% 1.2 EXT IPSP,Alimento Camarones,"Nicovita Katal Camarón 35% 1.2 EXT
",KAT V4 35% 1.2 EXT IPSP,PRE ENGORDE,KAT,V4,0.35,1.2,EXTRUIDO,PNT,PRUEBA,ACTIVO,1272.35894,PYMAY25(2025),(PY-1)(+0),12,202512,124.0174949
2102108,1000027665,1000029660,30005317,NA,IPSP,7530791,NA,RA,ECUADOR,IPSP,INDUSTRIAL PESQUERA SANTA PRISCILA,INDUSTRIAL PESQUERA SANTA PRISCILA,,STA.PRISCILA  BAJEN 1,1168030,JARA AREVALO ADRIAN ENRIQUE,2042,IPSP,7530791,7530791 - KAT V4 35% 1.2 EXT IPSP,KAT V4 35% 1.2 EXT IPSP,Alimento Camarones,"Nicovita Katal Camarón 35% 1.2 EXT
",KAT V4 35% 1.2 EXT IPSP,PRE ENGORDE,KAT,V4,0.35,1.2,EXTRUIDO,PNT,PRUEBA,ACTIVO,1236.029091,PYMAY25(2025),(PY-1)(+0),01,202501,178.2
2102108,1000027665,1000029660,30005317,NA,IPSP,7530791,NA,RA,ECUADOR,IPSP,INDUSTRIAL PESQUERA SANTA PRISCILA,INDUSTRIAL PESQUERA SANTA PRISCILA,,STA.PRISCILA  BAJEN 1,1168030,JARA AREVALO ADRIAN ENRIQUE,2042,IPSP,7530791,7530791 - KAT V4 35% 1.2 EXT IPSP,KAT V4 35% 1.2 EXT IPSP,Alimento Camarones,"Nicovita Katal Camarón 35% 1.2 EXT
",KAT V4 35% 1.2 EXT IPSP,PRE ENGORDE,KAT,V4,0.35,1.2,EXTRUIDO,PNT,PRUEBA,ACTIVO,1236.029091,PYMAY25(2025),(PY-1)(+0),02,202502,92.4
2102108,1000027665,1000029660,30005317,NA,IPSP,7530791,NA,RA,ECUADOR,IPSP,INDUSTRIAL PESQUERA SANTA PRISCILA,INDUSTRIAL PESQUERA SANTA PRISCILA,,STA.PRISCILA  BAJEN 1,1168030,JARA AREVALO ADRIAN ENRIQUE,2042,IPSP,7530791,7530791 - KAT V4 35% 1.2 EXT IPSP,KAT V4 35% 1.2 EXT IPSP,Alimento Camarones,"Nicovita Katal Camarón 35% 1.2 EXT
",KAT V4 35% 1.2 EXT IPSP,PRE ENGORDE,KAT,V4,0.35,1.2,EXTRUIDO,PNT,PRUEBA,ACTIVO,1236.029091,PYMAY25(2025),(PY-1)(+0),03,202503,103.95
2102108,1000027665,1000029660,30005317,NA,IPSP,7530791,NA,RA,ECUADOR,IPSP,INDUSTRIAL PESQUERA SANTA PRISCILA,INDUSTRIAL PESQUERA SANTA PRISCILA,,STA.PRISCILA  BAJEN 1,1168030,JARA AREVALO ADRIAN ENRIQUE,2042,IPSP,7530791,7530791 - KAT V4 35% 1.2 EXT IPSP,KAT V4 35% 1.2 EXT IPSP,Alimento Camarones,"Nicovita Katal Camarón 35% 1.2 EXT
",KAT V4 35% 1.2 EXT IPSP,PRE ENGORDE,KAT,V4,0.35,1.2,EXTRUIDO,PNT,PRUEBA,ACTIVO,1236.029091,PYMAY25(2025),(PY-1)(+0),04,202504,89.1
2102108,1000027665,1000029660,30005317,NA,IPSP,7530791,NA,RA,ECUADOR,IPSP,INDUSTRIAL PESQUERA SANTA PRISCILA,INDUSTRIAL PESQUERA SANTA PRISCILA,,STA.PRISCILA  BAJEN 1,1168030,JARA AREVALO ADRIAN ENRIQUE,2042,IPSP,7530791,7530791 - KAT V4 35% 1.2 EXT IPSP,KAT V4 35% 1.2 EXT IPSP,Alimento Camarones,"Nicovita Katal Camarón 35% 1.2 EXT
",KAT V4 35% 1.2 EXT IPSP,PRE ENGORDE,KAT,V4,0.35,1.2,EXTRUIDO,PNT,PRUEBA,ACTIVO,1236.029091,PYMAY25(2025),(PY-1)(+0),06,202506,108.9918256
2102108,1000027665,1000029660,30005317,NA,IPSP,7530791,NA,RA,ECUADOR,IPSP,INDUSTRIAL PESQUERA SANTA PRISCILA,INDUSTRIAL PESQUERA SANTA PRISCILA,,STA.PRISCILA  BAJEN 1,1168030,JARA AREVALO ADRIAN ENRIQUE,2042,IPSP,7530791,7530791 - KAT V4 35% 1.2 EXT IPSP,KAT V4 35% 1.2 EXT IPSP,Alimento Camarones,"Nicovita Katal Camarón 35% 1.2 EXT
",KAT V4 35% 1.2 EXT IPSP,PRE ENGORDE,KAT,V4,0.35,1.2,EXTRUIDO,PNT,PRUEBA,ACTIVO,1236.029091,PYMAY25(2025),(PY-1)(+0),07,202507,114.5392376
2102108,1000027665,1000029660,30005317,NA,IPSP,7530791,NA,RA,ECUADOR,IPSP,INDUSTRIAL PESQUERA SANTA PRISCILA,INDUSTRIAL PESQUERA SANTA PRISCILA,,STA.PRISCILA  BAJEN 1,1168030,JARA AREVALO ADRIAN ENRIQUE,2042,IPSP,7530791,7530791 - KAT V4 35% 1.2 EXT IPSP,KAT V4 35% 1.2 EXT IPSP,Alimento Camarones,"Nicovita Katal Camarón 35% 1.2 EXT
",KAT V4 35% 1.2 EXT IPSP,PRE ENGORDE,KAT,V4,0.35,1.2,EXTRUIDO,PNT,PRUEBA,ACTIVO,1236.029091,PYMAY25(2025),(PY-1)(+0),08,202508,107.3233711
2102108,1000027665,1000029660,30005317,NA,IPSP,7530791,NA,RA,ECUADOR,IPSP,INDUSTRIAL PESQUERA SANTA PRISCILA,INDUSTRIAL PESQUERA SANTA PRISCILA,,STA.PRISCILA  BAJEN 1,1168030,JARA AREVALO ADRIAN ENRIQUE,2042,IPSP,7530791,7530791 - KAT V4 35% 1.2 EXT IPSP,KAT V4 35% 1.2 EXT IPSP,Alimento Camarones,"Nicovita Katal Camarón 35% 1.2 EXT
",KAT V4 35% 1.2 EXT IPSP,PRE ENGORDE,KAT,V4,0.35,1.2,EXTRUIDO,PNT,PRUEBA,ACTIVO,1236.029091,PYMAY25(2025),(PY-1)(+0),09,202509,105.6787104
2102108,1000027665,1000029660,30005317,NA,IPSP,7530791,NA,RA,ECUADOR,IPSP,INDUSTRIAL PESQUERA SANTA PRISCILA,INDUSTRIAL PESQUERA SANTA PRISCILA,,STA.PRISCILA  BAJEN 1,1168030,JARA AREVALO ADRIAN ENRIQUE,2042,IPSP,7530791,7530791 - KAT V4 35% 1.2 EXT IPSP,KAT V4 35% 1.2 EXT IPSP,Alimento Camarones,"Nicovita Katal Camarón 35% 1.2 EXT
",KAT V4 35% 1.2 EXT IPSP,PRE ENGORDE,KAT,V4,0.35,1.2,EXTRUIDO,PNT,PRUEBA,ACTIVO,1236.029091,PYMAY25(2025),(PY-1)(+0),10,202510,114.2161082
2102108,1000027665,1000029660,30005317,NA,IPSP,7530791,NA,RA,ECUADOR,IPSP,INDUSTRIAL PESQUERA SANTA PRISCILA,INDUSTRIAL PESQUERA SANTA PRISCILA,,STA.PRISCILA  BAJEN 1,1168030,JARA AREVALO ADRIAN ENRIQUE,2042,IPSP,7530791,7530791 - KAT V4 35% 1.2 EXT IPSP,KAT V4 35% 1.2 EXT IPSP,Alimento Camarones,"Nicovita Katal Camarón 35% 1.2 EXT
",KAT V4 35% 1.2 EXT IPSP,PRE ENGORDE,KAT,V4,0.35,1.2,EXTRUIDO,PNT,PRUEBA,ACTIVO,1236.029091,PYMAY25(2025),(PY-1)(+0),11,202511,115.3291282
2102108,1000027665,1000029660,30005317,NA,IPSP,7530791,NA,RA,ECUADOR,IPSP,INDUSTRIAL PESQUERA SANTA PRISCILA,INDUSTRIAL PESQUERA SANTA PRISCILA,,STA.PRISCILA  BAJEN 1,1168030,JARA AREVALO ADRIAN ENRIQUE,2042,IPSP,7530791,7530791 - KAT V4 35% 1.2 EXT IPSP,KAT V4 35% 1.2 EXT IPSP,Alimento Camarones,"Nicovita Katal Camarón 35% 1.2 EXT
",KAT V4 35% 1.2 EXT IPSP,PRE ENGORDE,KAT,V4,0.35,1.2,EXTRUIDO,PNT,PRUEBA,ACTIVO,1236.029091,PYMAY25(2025),(PY-1)(+0),12,202512,106.3007099
2102108,1000027665,1000029660,30005946,NA,IPSP,7530791,NA,RA,ECUADOR,IPSP,INDUSTRIAL PESQUERA SANTA PRISCILA,INDUSTRIAL PESQUERA SANTA PRISCILA,,STA.PRISCILA AFRICA - CAMERÚN (PRU),1168030,JARA AREVALO ADRIAN ENRIQUE,2042,IPSP,7530791,7530791 - KAT V4 35% 1.2 EXT IPSP,KAT V4 35% 1.2 EXT IPSP,Alimento Camarones,"Nicovita Katal Camarón 35% 1.2 EXT
",KAT V4 35% 1.2 EXT IPSP,PRE ENGORDE,KAT,V4,0.35,1.2,EXTRUIDO,PNT,PRUEBA,ACTIVO,903.019394,PYMAY25(2025),(PY-1)(+0),01,202501,184.9
2102108,1000027665,1000029660,30005946,NA,IPSP,7530791,NA,RA,ECUADOR,IPSP,INDUSTRIAL PESQUERA SANTA PRISCILA,INDUSTRIAL PESQUERA SANTA PRISCILA,,STA.PRISCILA AFRICA - CAMERÚN (PRU),1168030,JARA AREVALO ADRIAN ENRIQUE,2042,IPSP,7530791,7530791 - KAT V4 35% 1.2 EXT IPSP,KAT V4 35% 1.2 EXT IPSP,Alimento Camarones,"Nicovita Katal Camarón 35% 1.2 EXT
",KAT V4 35% 1.2 EXT IPSP,PRE ENGORDE,KAT,V4,0.35,1.2,EXTRUIDO,PNT,PRUEBA,ACTIVO,903.019394,PYMAY25(2025),(PY-1)(+0),02,202502,12.5
2102108,1000027665,1000029660,30005946,NA,IPSP,7530791,NA,RA,ECUADOR,IPSP,INDUSTRIAL PESQUERA SANTA PRISCILA,INDUSTRIAL PESQUERA SANTA PRISCILA,,STA.PRISCILA AFRICA - CAMERÚN (PRU),1168030,JARA AREVALO ADRIAN ENRIQUE,2042,IPSP,7530791,7530791 - KAT V4 35% 1.2 EXT IPSP,KAT V4 35% 1.2 EXT IPSP,Alimento Camarones,"Nicovita Katal Camarón 35% 1.2 EXT
",KAT V4 35% 1.2 EXT IPSP,PRE ENGORDE,KAT,V4,0.35,1.2,EXTRUIDO,PNT,PRUEBA,ACTIVO,903.019394,PYMAY25(2025),(PY-1)(+0),03,202503,131.3
2102108,1000027665,1000029660,30005946,NA,IPSP,7530791,NA,RA,ECUADOR,IPSP,INDUSTRIAL PESQUERA SANTA PRISCILA,INDUSTRIAL PESQUERA SANTA PRISCILA,,STA.PRISCILA AFRICA - CAMERÚN (PRU),1168030,JARA AREVALO ADRIAN ENRIQUE,2042,IPSP,7530791,7530791 - KAT V4 35% 1.2 EXT IPSP,KAT V4 35% 1.2 EXT IPSP,Alimento Camarones,"Nicovita Katal Camarón 35% 1.2 EXT
",KAT V4 35% 1.2 EXT IPSP,PRE ENGORDE,KAT,V4,0.35,1.2,EXTRUIDO,PNT,PRUEBA,ACTIVO,903.019394,PYMAY25(2025),(PY-1)(+0),04,202504,59.4
2102108,1000027665,1000029660,30005946,NA,IPSP,7530791,NA,RA,ECUADOR,IPSP,INDUSTRIAL PESQUERA SANTA PRISCILA,INDUSTRIAL PESQUERA SANTA PRISCILA,,STA.PRISCILA AFRICA - CAMERÚN (PRU),1168030,JARA AREVALO ADRIAN ENRIQUE,2042,IPSP,7530791,7530791 - KAT V4 35% 1.2 EXT IPSP,KAT V4 35% 1.2 EXT IPSP,Alimento Camarones,"Nicovita Katal Camarón 35% 1.2 EXT
",KAT V4 35% 1.2 EXT IPSP,PRE ENGORDE,KAT,V4,0.35,1.2,EXTRUIDO,PNT,PRUEBA,ACTIVO,903.019394,PYMAY25(2025),(PY-1)(+0),06,202506,72.66121708
2102108,1000027665,1000029660,30005946,NA,IPSP,7530791,NA,RA,ECUADOR,IPSP,INDUSTRIAL PESQUERA SANTA PRISCILA,INDUSTRIAL PESQUERA SANTA PRISCILA,,STA.PRISCILA AFRICA - CAMERÚN (PRU),1168030,JARA AREVALO ADRIAN ENRIQUE,2042,IPSP,7530791,7530791 - KAT V4 35% 1.2 EXT IPSP,KAT V4 35% 1.2 EXT IPSP,Alimento Camarones,"Nicovita Katal Camarón 35% 1.2 EXT
",KAT V4 35% 1.2 EXT IPSP,PRE ENGORDE,KAT,V4,0.35,1.2,EXTRUIDO,PNT,PRUEBA,ACTIVO,903.019394,PYMAY25(2025),(PY-1)(+0),07,202507,76.35949173
2102108,1000027665,1000029660,30005946,NA,IPSP,7530791,NA,RA,ECUADOR,IPSP,INDUSTRIAL PESQUERA SANTA PRISCILA,INDUSTRIAL PESQUERA SANTA PRISCILA,,STA.PRISCILA AFRICA - CAMERÚN (PRU),1168030,JARA AREVALO ADRIAN ENRIQUE,2042,IPSP,7530791,7530791 - KAT V4 35% 1.2 EXT IPSP,KAT V4 35% 1.2 EXT IPSP,Alimento Camarones,"Nicovita Katal Camarón 35% 1.2 EXT
",KAT V4 35% 1.2 EXT IPSP,PRE ENGORDE,KAT,V4,0.35,1.2,EXTRUIDO,PNT,PRUEBA,ACTIVO,903.019394,PYMAY25(2025),(PY-1)(+0),08,202508,71.54891408
2102108,1000027665,1000029660,30005946,NA,IPSP,7530791,NA,RA,ECUADOR,IPSP,INDUSTRIAL PESQUERA SANTA PRISCILA,INDUSTRIAL PESQUERA SANTA PRISCILA,,STA.PRISCILA AFRICA - CAMERÚN (PRU),1168030,JARA AREVALO ADRIAN ENRIQUE,2042,IPSP,7530791,7530791 - KAT V4 35% 1.2 EXT IPSP,KAT V4 35% 1.2 EXT IPSP,Alimento Camarones,"Nicovita Katal Camarón 35% 1.2 EXT
",KAT V4 35% 1.2 EXT IPSP,PRE ENGORDE,KAT,V4,0.35,1.2,EXTRUIDO,PNT,PRUEBA,ACTIVO,903.019394,PYMAY25(2025),(PY-1)(+0),09,202509,70.45247358
2102108,1000027665,1000029660,30005946,NA,IPSP,7530791,NA,RA,ECUADOR,IPSP,INDUSTRIAL PESQUERA SANTA PRISCILA,INDUSTRIAL PESQUERA SANTA PRISCILA,,STA.PRISCILA AFRICA - CAMERÚN (PRU),1168030,JARA AREVALO ADRIAN ENRIQUE,2042,IPSP,7530791,7530791 - KAT V4 35% 1.2 EXT IPSP,KAT V4 35% 1.2 EXT IPSP,Alimento Camarones,"Nicovita Katal Camarón 35% 1.2 EXT
",KAT V4 35% 1.2 EXT IPSP,PRE ENGORDE,KAT,V4,0.35,1.2,EXTRUIDO,PNT,PRUEBA,ACTIVO,903.019394,PYMAY25(2025),(PY-1)(+0),10,202510,76.14407211
2102108,1000027665,1000029660,30005946,NA,IPSP,7530791,NA,RA,ECUADOR,IPSP,INDUSTRIAL PESQUERA SANTA PRISCILA,INDUSTRIAL PESQUERA SANTA PRISCILA,,STA.PRISCILA AFRICA - CAMERÚN (PRU),1168030,JARA AREVALO ADRIAN ENRIQUE,2042,IPSP,7530791,7530791 - KAT V4 35% 1.2 EXT IPSP,KAT V4 35% 1.2 EXT IPSP,Alimento Camarones,"Nicovita Katal Camarón 35% 1.2 EXT
",KAT V4 35% 1.2 EXT IPSP,PRE ENGORDE,KAT,V4,0.35,1.2,EXTRUIDO,PNT,PRUEBA,ACTIVO,903.019394,PYMAY25(2025),(PY-1)(+0),11,202511,76.88608549
2102108,1000027665,1000029660,30005946,NA,IPSP,7530791,NA,RA,ECUADOR,IPSP,INDUSTRIAL PESQUERA SANTA PRISCILA,INDUSTRIAL PESQUERA SANTA PRISCILA,,STA.PRISCILA AFRICA - CAMERÚN (PRU),1168030,JARA AREVALO ADRIAN ENRIQUE,2042,IPSP,7530791,7530791 - KAT V4 35% 1.2 EXT IPSP,KAT V4 35% 1.2 EXT IPSP,Alimento Camarones,"Nicovita Katal Camarón 35% 1.2 EXT
",KAT V4 35% 1.2 EXT IPSP,PRE ENGORDE,KAT,V4,0.35,1.2,EXTRUIDO,PNT,PRUEBA,ACTIVO,903.019394,PYMAY25(2025),(PY-1)(+0),12,202512,70.86713997
2102108,1000027665,1000029660,30005335,NA,IPSP,7530791,NA,RA,ECUADOR,IPSP,INDUSTRIAL PESQUERA SANTA PRISCILA,INDUSTRIAL PESQUERA SANTA PRISCILA,,STA. PRISCILLA - CORVINERO,1168030,JARA AREVALO ADRIAN ENRIQUE,2042,IPSP,7530791,7530791 - KAT V4 35% 1.2 EXT IPSP,KAT V4 35% 1.2 EXT IPSP,Alimento Camarones,"Nicovita Katal Camarón 35% 1.2 EXT
",KAT V4 35% 1.2 EXT IPSP,PRE ENGORDE,KAT,V4,0.35,1.2,EXTRUIDO,PNT,PRUEBA,ACTIVO,843.2395455,PYMAY25(2025),(PY-1)(+0),01,202501,148.5
2102108,1000027665,1000029660,30005335,NA,IPSP,7530791,NA,RA,ECUADOR,IPSP,INDUSTRIAL PESQUERA SANTA PRISCILA,INDUSTRIAL PESQUERA SANTA PRISCILA,,STA. PRISCILLA - CORVINERO,1168030,JARA AREVALO ADRIAN ENRIQUE,2042,IPSP,7530791,7530791 - KAT V4 35% 1.2 EXT IPSP,KAT V4 35% 1.2 EXT IPSP,Alimento Camarones,"Nicovita Katal Camarón 35% 1.2 EXT
",KAT V4 35% 1.2 EXT IPSP,PRE ENGORDE,KAT,V4,0.35,1.2,EXTRUIDO,PNT,PRUEBA,ACTIVO,843.2395455,PYMAY25(2025),(PY-1)(+0),02,202502,97.35
2102108,1000027665,1000029660,30005335,NA,IPSP,7530791,NA,RA,ECUADOR,IPSP,INDUSTRIAL PESQUERA SANTA PRISCILA,INDUSTRIAL PESQUERA SANTA PRISCILA,,STA. PRISCILLA - CORVINERO,1168030,JARA AREVALO ADRIAN ENRIQUE,2042,IPSP,7530791,7530791 - KAT V4 35% 1.2 EXT IPSP,KAT V4 35% 1.2 EXT IPSP,Alimento Camarones,"Nicovita Katal Camarón 35% 1.2 EXT
",KAT V4 35% 1.2 EXT IPSP,PRE ENGORDE,KAT,V4,0.35,1.2,EXTRUIDO,PNT,PRUEBA,ACTIVO,843.2395455,PYMAY25(2025),(PY-1)(+0),03,202503,166.65
2102108,1000027665,1000029660,30005335,NA,IPSP,7530791,NA,RA,ECUADOR,IPSP,INDUSTRIAL PESQUERA SANTA PRISCILA,INDUSTRIAL PESQUERA SANTA PRISCILA,,STA. PRISCILLA - CORVINERO,1168030,JARA AREVALO ADRIAN ENRIQUE,2042,IPSP,7530791,7530791 - KAT V4 35% 1.2 EXT IPSP,KAT V4 35% 1.2 EXT IPSP,Alimento Camarones,"Nicovita Katal Camarón 35% 1.2 EXT
",KAT V4 35% 1.2 EXT IPSP,PRE ENGORDE,KAT,V4,0.35,1.2,EXTRUIDO,PNT,PRUEBA,ACTIVO,843.2395455,PYMAY25(2025),(PY-1)(+0),04,202504,44.55
2102108,1000027665,1000029660,30005335,NA,IPSP,7530791,NA,RA,ECUADOR,IPSP,INDUSTRIAL PESQUERA SANTA PRISCILA,INDUSTRIAL PESQUERA SANTA PRISCILA,,STA. PRISCILLA - CORVINERO,1168030,JARA AREVALO ADRIAN ENRIQUE,2042,IPSP,7530791,7530791 - KAT V4 35% 1.2 EXT IPSP,KAT V4 35% 1.2 EXT IPSP,Alimento Camarones,"Nicovita Katal Camarón 35% 1.2 EXT
",KAT V4 35% 1.2 EXT IPSP,PRE ENGORDE,KAT,V4,0.35,1.2,EXTRUIDO,PNT,PRUEBA,ACTIVO,843.2395455,PYMAY25(2025),(PY-1)(+0),06,202506,54.49591281
2102108,1000027665,1000029660,30005335,NA,IPSP,7530791,NA,RA,ECUADOR,IPSP,INDUSTRIAL PESQUERA SANTA PRISCILA,INDUSTRIAL PESQUERA SANTA PRISCILA,,STA. PRISCILLA - CORVINERO,1168030,JARA AREVALO ADRIAN ENRIQUE,2042,IPSP,7530791,7530791 - KAT V4 35% 1.2 EXT IPSP,KAT V4 35% 1.2 EXT IPSP,Alimento Camarones,"Nicovita Katal Camarón 35% 1.2 EXT
",KAT V4 35% 1.2 EXT IPSP,PRE ENGORDE,KAT,V4,0.35,1.2,EXTRUIDO,PNT,PRUEBA,ACTIVO,843.2395455,PYMAY25(2025),(PY-1)(+0),07,202507,57.2696188
2102108,1000027665,1000029660,30005335,NA,IPSP,7530791,NA,RA,ECUADOR,IPSP,INDUSTRIAL PESQUERA SANTA PRISCILA,INDUSTRIAL PESQUERA SANTA PRISCILA,,STA. PRISCILLA - CORVINERO,1168030,JARA AREVALO ADRIAN ENRIQUE,2042,IPSP,7530791,7530791 - KAT V4 35% 1.2 EXT IPSP,KAT V4 35% 1.2 EXT IPSP,Alimento Camarones,"Nicovita Katal Camarón 35% 1.2 EXT
",KAT V4 35% 1.2 EXT IPSP,PRE ENGORDE,KAT,V4,0.35,1.2,EXTRUIDO,PNT,PRUEBA,ACTIVO,843.2395455,PYMAY25(2025),(PY-1)(+0),08,202508,53.66168556
2102108,1000027665,1000029660,30005335,NA,IPSP,7530791,NA,RA,ECUADOR,IPSP,INDUSTRIAL PESQUERA SANTA PRISCILA,INDUSTRIAL PESQUERA SANTA PRISCILA,,STA. PRISCILLA - CORVINERO,1168030,JARA AREVALO ADRIAN ENRIQUE,2042,IPSP,7530791,7530791 - KAT V4 35% 1.2 EXT IPSP,KAT V4 35% 1.2 EXT IPSP,Alimento Camarones,"Nicovita Katal Camarón 35% 1.2 EXT
",KAT V4 35% 1.2 EXT IPSP,PRE ENGORDE,KAT,V4,0.35,1.2,EXTRUIDO,PNT,PRUEBA,ACTIVO,843.2395455,PYMAY25(2025),(PY-1)(+0),09,202509,52.83935518
2102108,1000027665,1000029660,30005335,NA,IPSP,7530791,NA,RA,ECUADOR,IPSP,INDUSTRIAL PESQUERA SANTA PRISCILA,INDUSTRIAL PESQUERA SANTA PRISCILA,,STA. PRISCILLA - CORVINERO,1168030,JARA AREVALO ADRIAN ENRIQUE,2042,IPSP,7530791,7530791 - KAT V4 35% 1.2 EXT IPSP,KAT V4 35% 1.2 EXT IPSP,Alimento Camarones,"Nicovita Katal Camarón 35% 1.2 EXT
",KAT V4 35% 1.2 EXT IPSP,PRE ENGORDE,KAT,V4,0.35,1.2,EXTRUIDO,PNT,PRUEBA,ACTIVO,843.2395455,PYMAY25(2025),(PY-1)(+0),10,202510,57.10805408
2102108,1000027665,1000029660,30005335,NA,IPSP,7530791,NA,RA,ECUADOR,IPSP,INDUSTRIAL PESQUERA SANTA PRISCILA,INDUSTRIAL PESQUERA SANTA PRISCILA,,STA. PRISCILLA - CORVINERO,1168030,JARA AREVALO ADRIAN ENRIQUE,2042,IPSP,7530791,7530791 - KAT V4 35% 1.2 EXT IPSP,KAT V4 35% 1.2 EXT IPSP,Alimento Camarones,"Nicovita Katal Camarón 35% 1.2 EXT
",KAT V4 35% 1.2 EXT IPSP,PRE ENGORDE,KAT,V4,0.35,1.2,EXTRUIDO,PNT,PRUEBA,ACTIVO,843.2395455,PYMAY25(2025),(PY-1)(+0),11,202511,57.66456412
2102108,1000027665,1000029660,30005335,NA,IPSP,7530791,NA,RA,ECUADOR,IPSP,INDUSTRIAL PESQUERA SANTA PRISCILA,INDUSTRIAL PESQUERA SANTA PRISCILA,,STA. PRISCILLA - CORVINERO,1168030,JARA AREVALO ADRIAN ENRIQUE,2042,IPSP,7530791,7530791 - KAT V4 35% 1.2 EXT IPSP,KAT V4 35% 1.2 EXT IPSP,Alimento Camarones,"Nicovita Katal Camarón 35% 1.2 EXT
",KAT V4 35% 1.2 EXT IPSP,PRE ENGORDE,KAT,V4,0.35,1.2,EXTRUIDO,PNT,PRUEBA,ACTIVO,843.2395455,PYMAY25(2025),(PY-1)(+0),12,202512,53.15035497
2102108,1000027665,1000029660,30005533,NA,IPSP,7530791,NA,RA,ECUADOR,IPSP,INDUSTRIAL PESQUERA SANTA PRISCILA,INDUSTRIAL PESQUERA SANTA PRISCILA,,STA.PRISCILA ASIA,1168030,JARA AREVALO ADRIAN ENRIQUE,2042,IPSP,7530791,7530791 - KAT V4 35% 1.2 EXT IPSP,KAT V4 35% 1.2 EXT IPSP,Alimento Camarones,"Nicovita Katal Camarón 35% 1.2 EXT
",KAT V4 35% 1.2 EXT IPSP,PRE ENGORDE,KAT,V4,0.35,1.2,EXTRUIDO,PNT,PRUEBA,ACTIVO,550.0829125,PYMAY25(2025),(PY-1)(+0),01,202501,88.75
2102108,1000027665,1000029660,30005533,NA,IPSP,7530791,NA,RA,ECUADOR,IPSP,INDUSTRIAL PESQUERA SANTA PRISCILA,INDUSTRIAL PESQUERA SANTA PRISCILA,,STA.PRISCILA ASIA,1168030,JARA AREVALO ADRIAN ENRIQUE,2042,IPSP,7530791,7530791 - KAT V4 35% 1.2 EXT IPSP,KAT V4 35% 1.2 EXT IPSP,Alimento Camarones,"Nicovita Katal Camarón 35% 1.2 EXT
",KAT V4 35% 1.2 EXT IPSP,PRE ENGORDE,KAT,V4,0.35,1.2,EXTRUIDO,PNT,PRUEBA,ACTIVO,550.0829125,PYMAY25(2025),(PY-1)(+0),03,202503,62.5
2102108,1000027665,1000029660,30005533,NA,IPSP,7530791,NA,RA,ECUADOR,IPSP,INDUSTRIAL PESQUERA SANTA PRISCILA,INDUSTRIAL PESQUERA SANTA PRISCILA,,STA.PRISCILA ASIA,1168030,JARA AREVALO ADRIAN ENRIQUE,2042,IPSP,7530791,7530791 - KAT V4 35% 1.2 EXT IPSP,KAT V4 35% 1.2 EXT IPSP,Alimento Camarones,"Nicovita Katal Camarón 35% 1.2 EXT
",KAT V4 35% 1.2 EXT IPSP,PRE ENGORDE,KAT,V4,0.35,1.2,EXTRUIDO,PNT,PRUEBA,ACTIVO,550.0829125,PYMAY25(2025),(PY-1)(+0),04,202504,41.25
2102108,1000027665,1000029660,30005533,NA,IPSP,7530791,NA,RA,ECUADOR,IPSP,INDUSTRIAL PESQUERA SANTA PRISCILA,INDUSTRIAL PESQUERA SANTA PRISCILA,,STA.PRISCILA ASIA,1168030,JARA AREVALO ADRIAN ENRIQUE,2042,IPSP,7530791,7530791 - KAT V4 35% 1.2 EXT IPSP,KAT V4 35% 1.2 EXT IPSP,Alimento Camarones,"Nicovita Katal Camarón 35% 1.2 EXT
",KAT V4 35% 1.2 EXT IPSP,PRE ENGORDE,KAT,V4,0.35,1.2,EXTRUIDO,PNT,PRUEBA,ACTIVO,550.0829125,PYMAY25(2025),(PY-1)(+0),06,202506,50.45917852
2102108,1000027665,1000029660,30005533,NA,IPSP,7530791,NA,RA,ECUADOR,IPSP,INDUSTRIAL PESQUERA SANTA PRISCILA,INDUSTRIAL PESQUERA SANTA PRISCILA,,STA.PRISCILA ASIA,1168030,JARA AREVALO ADRIAN ENRIQUE,2042,IPSP,7530791,7530791 - KAT V4 35% 1.2 EXT IPSP,KAT V4 35% 1.2 EXT IPSP,Alimento Camarones,"Nicovita Katal Camarón 35% 1.2 EXT
",KAT V4 35% 1.2 EXT IPSP,PRE ENGORDE,KAT,V4,0.35,1.2,EXTRUIDO,PNT,PRUEBA,ACTIVO,550.0829125,PYMAY25(2025),(PY-1)(+0),07,202507,53.02742481
2102108,1000027665,1000029660,30005533,NA,IPSP,7530791,NA,RA,ECUADOR,IPSP,INDUSTRIAL PESQUERA SANTA PRISCILA,INDUSTRIAL PESQUERA SANTA PRISCILA,,STA.PRISCILA ASIA,1168030,JARA AREVALO ADRIAN ENRIQUE,2042,IPSP,7530791,7530791 - KAT V4 35% 1.2 EXT IPSP,KAT V4 35% 1.2 EXT IPSP,Alimento Camarones,"Nicovita Katal Camarón 35% 1.2 EXT
",KAT V4 35% 1.2 EXT IPSP,PRE ENGORDE,KAT,V4,0.35,1.2,EXTRUIDO,PNT,PRUEBA,ACTIVO,550.0829125,PYMAY25(2025),(PY-1)(+0),08,202508,49.68674589
2102108,1000027665,1000029660,30005533,NA,IPSP,7530791,NA,RA,ECUADOR,IPSP,INDUSTRIAL PESQUERA SANTA PRISCILA,INDUSTRIAL PESQUERA SANTA PRISCILA,,STA.PRISCILA ASIA,1168030,JARA AREVALO ADRIAN ENRIQUE,2042,IPSP,7530791,7530791 - KAT V4 35% 1.2 EXT IPSP,KAT V4 35% 1.2 EXT IPSP,Alimento Camarones,"Nicovita Katal Camarón 35% 1.2 EXT
",KAT V4 35% 1.2 EXT IPSP,PRE ENGORDE,KAT,V4,0.35,1.2,EXTRUIDO,PNT,PRUEBA,ACTIVO,550.0829125,PYMAY25(2025),(PY-1)(+0),09,202509,48.92532887
2102108,1000027665,1000029660,30005533,NA,IPSP,7530791,NA,RA,ECUADOR,IPSP,INDUSTRIAL PESQUERA SANTA PRISCILA,INDUSTRIAL PESQUERA SANTA PRISCILA,,STA.PRISCILA ASIA,1168030,JARA AREVALO ADRIAN ENRIQUE,2042,IPSP,7530791,7530791 - KAT V4 35% 1.2 EXT IPSP,KAT V4 35% 1.2 EXT IPSP,Alimento Camarones,"Nicovita Katal Camarón 35% 1.2 EXT
",KAT V4 35% 1.2 EXT IPSP,PRE ENGORDE,KAT,V4,0.35,1.2,EXTRUIDO,PNT,PRUEBA,ACTIVO,550.0829125,PYMAY25(2025),(PY-1)(+0),10,202510,52.87782786
2102108,1000027665,1000029660,30005533,NA,IPSP,7530791,NA,RA,ECUADOR,IPSP,INDUSTRIAL PESQUERA SANTA PRISCILA,INDUSTRIAL PESQUERA SANTA PRISCILA,,STA.PRISCILA ASIA,1168030,JARA AREVALO ADRIAN ENRIQUE,2042,IPSP,7530791,7530791 - KAT V4 35% 1.2 EXT IPSP,KAT V4 35% 1.2 EXT IPSP,Alimento Camarones,"Nicovita Katal Camarón 35% 1.2 EXT
",KAT V4 35% 1.2 EXT IPSP,PRE ENGORDE,KAT,V4,0.35,1.2,EXTRUIDO,PNT,PRUEBA,ACTIVO,550.0829125,PYMAY25(2025),(PY-1)(+0),11,202511,53.39311492
2102108,1000027665,1000029660,30005533,NA,IPSP,7530791,NA,RA,ECUADOR,IPSP,INDUSTRIAL PESQUERA SANTA PRISCILA,INDUSTRIAL PESQUERA SANTA PRISCILA,,STA.PRISCILA ASIA,1168030,JARA AREVALO ADRIAN ENRIQUE,2042,IPSP,7530791,7530791 - KAT V4 35% 1.2 EXT IPSP,KAT V4 35% 1.2 EXT IPSP,Alimento Camarones,"Nicovita Katal Camarón 35% 1.2 EXT
",KAT V4 35% 1.2 EXT IPSP,PRE ENGORDE,KAT,V4,0.35,1.2,EXTRUIDO,PNT,PRUEBA,ACTIVO,550.0829125,PYMAY25(2025),(PY-1)(+0),12,202512,49.21329164
2102108,1000027665,1000029660,30005795,NA,IPSP,7530791,NA,RA,ECUADOR,IPSP,INDUSTRIAL PESQUERA SANTA PRISCILA,INDUSTRIAL PESQUERA SANTA PRISCILA,,STA.PRISCILA CHURUTE,1168030,JARA AREVALO ADRIAN ENRIQUE,2042,IPSP,7530791,7530791 - KAT V4 35% 1.2 EXT IPSP,KAT V4 35% 1.2 EXT IPSP,Alimento Camarones,"Nicovita Katal Camarón 35% 1.2 EXT
",KAT V4 35% 1.2 EXT IPSP,PRE ENGORDE,KAT,V4,0.35,1.2,EXTRUIDO,PNT,PRUEBA,ACTIVO,425.959697,PYMAY25(2025),(PY-1)(+0),01,202501,89.1
2102108,1000027665,1000029660,30005795,NA,IPSP,7530791,NA,RA,ECUADOR,IPSP,INDUSTRIAL PESQUERA SANTA PRISCILA,INDUSTRIAL PESQUERA SANTA PRISCILA,,STA.PRISCILA CHURUTE,1168030,JARA AREVALO ADRIAN ENRIQUE,2042,IPSP,7530791,7530791 - KAT V4 35% 1.2 EXT IPSP,KAT V4 35% 1.2 EXT IPSP,Alimento Camarones,"Nicovita Katal Camarón 35% 1.2 EXT
",KAT V4 35% 1.2 EXT IPSP,PRE ENGORDE,KAT,V4,0.35,1.2,EXTRUIDO,PNT,PRUEBA,ACTIVO,425.959697,PYMAY25(2025),(PY-1)(+0),02,202502,7.5
2102108,1000027665,1000029660,30005795,NA,IPSP,7530791,NA,RA,ECUADOR,IPSP,INDUSTRIAL PESQUERA SANTA PRISCILA,INDUSTRIAL PESQUERA SANTA PRISCILA,,STA.PRISCILA CHURUTE,1168030,JARA AREVALO ADRIAN ENRIQUE,2042,IPSP,7530791,7530791 - KAT V4 35% 1.2 EXT IPSP,KAT V4 35% 1.2 EXT IPSP,Alimento Camarones,"Nicovita Katal Camarón 35% 1.2 EXT
",KAT V4 35% 1.2 EXT IPSP,PRE ENGORDE,KAT,V4,0.35,1.2,EXTRUIDO,PNT,PRUEBA,ACTIVO,425.959697,PYMAY25(2025),(PY-1)(+0),03,202503,42.2
2102108,1000027665,1000029660,30005795,NA,IPSP,7530791,NA,RA,ECUADOR,IPSP,INDUSTRIAL PESQUERA SANTA PRISCILA,INDUSTRIAL PESQUERA SANTA PRISCILA,,STA.PRISCILA CHURUTE,1168030,JARA AREVALO ADRIAN ENRIQUE,2042,IPSP,7530791,7530791 - KAT V4 35% 1.2 EXT IPSP,KAT V4 35% 1.2 EXT IPSP,Alimento Camarones,"Nicovita Katal Camarón 35% 1.2 EXT
",KAT V4 35% 1.2 EXT IPSP,PRE ENGORDE,KAT,V4,0.35,1.2,EXTRUIDO,PNT,PRUEBA,ACTIVO,425.959697,PYMAY25(2025),(PY-1)(+0),04,202504,29.7
2102108,1000027665,1000029660,30005795,NA,IPSP,7530791,NA,RA,ECUADOR,IPSP,INDUSTRIAL PESQUERA SANTA PRISCILA,INDUSTRIAL PESQUERA SANTA PRISCILA,,STA.PRISCILA CHURUTE,1168030,JARA AREVALO ADRIAN ENRIQUE,2042,IPSP,7530791,7530791 - KAT V4 35% 1.2 EXT IPSP,KAT V4 35% 1.2 EXT IPSP,Alimento Camarones,"Nicovita Katal Camarón 35% 1.2 EXT
",KAT V4 35% 1.2 EXT IPSP,PRE ENGORDE,KAT,V4,0.35,1.2,EXTRUIDO,PNT,PRUEBA,ACTIVO,425.959697,PYMAY25(2025),(PY-1)(+0),06,202506,36.33060854
2102108,1000027665,1000029660,30005795,NA,IPSP,7530791,NA,RA,ECUADOR,IPSP,INDUSTRIAL PESQUERA SANTA PRISCILA,INDUSTRIAL PESQUERA SANTA PRISCILA,,STA.PRISCILA CHURUTE,1168030,JARA AREVALO ADRIAN ENRIQUE,2042,IPSP,7530791,7530791 - KAT V4 35% 1.2 EXT IPSP,KAT V4 35% 1.2 EXT IPSP,Alimento Camarones,"Nicovita Katal Camarón 35% 1.2 EXT
",KAT V4 35% 1.2 EXT IPSP,PRE ENGORDE,KAT,V4,0.35,1.2,EXTRUIDO,PNT,PRUEBA,ACTIVO,425.959697,PYMAY25(2025),(PY-1)(+0),07,202507,38.17974587
2102108,1000027665,1000029660,30005795,NA,IPSP,7530791,NA,RA,ECUADOR,IPSP,INDUSTRIAL PESQUERA SANTA PRISCILA,INDUSTRIAL PESQUERA SANTA PRISCILA,,STA.PRISCILA CHURUTE,1168030,JARA AREVALO ADRIAN ENRIQUE,2042,IPSP,7530791,7530791 - KAT V4 35% 1.2 EXT IPSP,KAT V4 35% 1.2 EXT IPSP,Alimento Camarones,"Nicovita Katal Camarón 35% 1.2 EXT
",KAT V4 35% 1.2 EXT IPSP,PRE ENGORDE,KAT,V4,0.35,1.2,EXTRUIDO,PNT,PRUEBA,ACTIVO,425.959697,PYMAY25(2025),(PY-1)(+0),08,202508,35.77445704
2102108,1000027665,1000029660,30005795,NA,IPSP,7530791,NA,RA,ECUADOR,IPSP,INDUSTRIAL PESQUERA SANTA PRISCILA,INDUSTRIAL PESQUERA SANTA PRISCILA,,STA.PRISCILA CHURUTE,1168030,JARA AREVALO ADRIAN ENRIQUE,2042,IPSP,7530791,7530791 - KAT V4 35% 1.2 EXT IPSP,KAT V4 35% 1.2 EXT IPSP,Alimento Camarones,"Nicovita Katal Camarón 35% 1.2 EXT
",KAT V4 35% 1.2 EXT IPSP,PRE ENGORDE,KAT,V4,0.35,1.2,EXTRUIDO,PNT,PRUEBA,ACTIVO,425.959697,PYMAY25(2025),(PY-1)(+0),09,202509,35.22623679
2102108,1000027665,1000029660,30005795,NA,IPSP,7530791,NA,RA,ECUADOR,IPSP,INDUSTRIAL PESQUERA SANTA PRISCILA,INDUSTRIAL PESQUERA SANTA PRISCILA,,STA.PRISCILA CHURUTE,1168030,JARA AREVALO ADRIAN ENRIQUE,2042,IPSP,7530791,7530791 - KAT V4 35% 1.2 EXT IPSP,KAT V4 35% 1.2 EXT IPSP,Alimento Camarones,"Nicovita Katal Camarón 35% 1.2 EXT
",KAT V4 35% 1.2 EXT IPSP,PRE ENGORDE,KAT,V4,0.35,1.2,EXTRUIDO,PNT,PRUEBA,ACTIVO,425.959697,PYMAY25(2025),(PY-1)(+0),10,202510,38.07203606
2102108,1000027665,1000029660,30005795,NA,IPSP,7530791,NA,RA,ECUADOR,IPSP,INDUSTRIAL PESQUERA SANTA PRISCILA,INDUSTRIAL PESQUERA SANTA PRISCILA,,STA.PRISCILA CHURUTE,1168030,JARA AREVALO ADRIAN ENRIQUE,2042,IPSP,7530791,7530791 - KAT V4 35% 1.2 EXT IPSP,KAT V4 35% 1.2 EXT IPSP,Alimento Camarones,"Nicovita Katal Camarón 35% 1.2 EXT
",KAT V4 35% 1.2 EXT IPSP,PRE ENGORDE,KAT,V4,0.35,1.2,EXTRUIDO,PNT,PRUEBA,ACTIVO,425.959697,PYMAY25(2025),(PY-1)(+0),11,202511,38.44304274
2102108,1000027665,1000029660,30005795,NA,IPSP,7530791,NA,RA,ECUADOR,IPSP,INDUSTRIAL PESQUERA SANTA PRISCILA,INDUSTRIAL PESQUERA SANTA PRISCILA,,STA.PRISCILA CHURUTE,1168030,JARA AREVALO ADRIAN ENRIQUE,2042,IPSP,7530791,7530791 - KAT V4 35% 1.2 EXT IPSP,KAT V4 35% 1.2 EXT IPSP,Alimento Camarones,"Nicovita Katal Camarón 35% 1.2 EXT
",KAT V4 35% 1.2 EXT IPSP,PRE ENGORDE,KAT,V4,0.35,1.2,EXTRUIDO,PNT,PRUEBA,ACTIVO,425.959697,PYMAY25(2025),(PY-1)(+0),12,202512,35.43356998
2102108,1000027665,1000029660,30005855,NA,IPSP,7530791,NA,RA,ECUADOR,IPSP,INDUSTRIAL PESQUERA SANTA PRISCILA,INDUSTRIAL PESQUERA SANTA PRISCILA,,STA.PRISCILA KOREA,1168030,JARA AREVALO ADRIAN ENRIQUE,2042,IPSP,7530791,7530791 - KAT V4 35% 1.2 EXT IPSP,KAT V4 35% 1.2 EXT IPSP,Alimento Camarones,"Nicovita Katal Camarón 35% 1.2 EXT
",KAT V4 35% 1.2 EXT IPSP,PRE ENGORDE,KAT,V4,0.35,1.2,EXTRUIDO,PNT,PRUEBA,ACTIVO,410.8798485,PYMAY25(2025),(PY-1)(+0),01,202501,89.1
2102108,1000027665,1000029660,30005855,NA,IPSP,7530791,NA,RA,ECUADOR,IPSP,INDUSTRIAL PESQUERA SANTA PRISCILA,INDUSTRIAL PESQUERA SANTA PRISCILA,,STA.PRISCILA KOREA,1168030,JARA AREVALO ADRIAN ENRIQUE,2042,IPSP,7530791,7530791 - KAT V4 35% 1.2 EXT IPSP,KAT V4 35% 1.2 EXT IPSP,Alimento Camarones,"Nicovita Katal Camarón 35% 1.2 EXT
",KAT V4 35% 1.2 EXT IPSP,PRE ENGORDE,KAT,V4,0.35,1.2,EXTRUIDO,PNT,PRUEBA,ACTIVO,410.8798485,PYMAY25(2025),(PY-1)(+0),02,202502,29.7
2102108,1000027665,1000029660,30005855,NA,IPSP,7530791,NA,RA,ECUADOR,IPSP,INDUSTRIAL PESQUERA SANTA PRISCILA,INDUSTRIAL PESQUERA SANTA PRISCILA,,STA.PRISCILA KOREA,1168030,JARA AREVALO ADRIAN ENRIQUE,2042,IPSP,7530791,7530791 - KAT V4 35% 1.2 EXT IPSP,KAT V4 35% 1.2 EXT IPSP,Alimento Camarones,"Nicovita Katal Camarón 35% 1.2 EXT
",KAT V4 35% 1.2 EXT IPSP,PRE ENGORDE,KAT,V4,0.35,1.2,EXTRUIDO,PNT,PRUEBA,ACTIVO,410.8798485,PYMAY25(2025),(PY-1)(+0),03,202503,148.5
2102108,1000027665,1000029660,30005855,NA,IPSP,7530791,NA,RA,ECUADOR,IPSP,INDUSTRIAL PESQUERA SANTA PRISCILA,INDUSTRIAL PESQUERA SANTA PRISCILA,,STA.PRISCILA KOREA,1168030,JARA AREVALO ADRIAN ENRIQUE,2042,IPSP,7530791,7530791 - KAT V4 35% 1.2 EXT IPSP,KAT V4 35% 1.2 EXT IPSP,Alimento Camarones,"Nicovita Katal Camarón 35% 1.2 EXT
",KAT V4 35% 1.2 EXT IPSP,PRE ENGORDE,KAT,V4,0.35,1.2,EXTRUIDO,PNT,PRUEBA,ACTIVO,410.8798485,PYMAY25(2025),(PY-1)(+0),04,202504,14.85
2102108,1000027665,1000029660,30005855,NA,IPSP,7530791,NA,RA,ECUADOR,IPSP,INDUSTRIAL PESQUERA SANTA PRISCILA,INDUSTRIAL PESQUERA SANTA PRISCILA,,STA.PRISCILA KOREA,1168030,JARA AREVALO ADRIAN ENRIQUE,2042,IPSP,7530791,7530791 - KAT V4 35% 1.2 EXT IPSP,KAT V4 35% 1.2 EXT IPSP,Alimento Camarones,"Nicovita Katal Camarón 35% 1.2 EXT
",KAT V4 35% 1.2 EXT IPSP,PRE ENGORDE,KAT,V4,0.35,1.2,EXTRUIDO,PNT,PRUEBA,ACTIVO,410.8798485,PYMAY25(2025),(PY-1)(+0),06,202506,18.16530427
2102108,1000027665,1000029660,30005855,NA,IPSP,7530791,NA,RA,ECUADOR,IPSP,INDUSTRIAL PESQUERA SANTA PRISCILA,INDUSTRIAL PESQUERA SANTA PRISCILA,,STA.PRISCILA KOREA,1168030,JARA AREVALO ADRIAN ENRIQUE,2042,IPSP,7530791,7530791 - KAT V4 35% 1.2 EXT IPSP,KAT V4 35% 1.2 EXT IPSP,Alimento Camarones,"Nicovita Katal Camarón 35% 1.2 EXT
",KAT V4 35% 1.2 EXT IPSP,PRE ENGORDE,KAT,V4,0.35,1.2,EXTRUIDO,PNT,PRUEBA,ACTIVO,410.8798485,PYMAY25(2025),(PY-1)(+0),07,202507,19.08987293
2102108,1000027665,1000029660,30005855,NA,IPSP,7530791,NA,RA,ECUADOR,IPSP,INDUSTRIAL PESQUERA SANTA PRISCILA,INDUSTRIAL PESQUERA SANTA PRISCILA,,STA.PRISCILA KOREA,1168030,JARA AREVALO ADRIAN ENRIQUE,2042,IPSP,7530791,7530791 - KAT V4 35% 1.2 EXT IPSP,KAT V4 35% 1.2 EXT IPSP,Alimento Camarones,"Nicovita Katal Camarón 35% 1.2 EXT
",KAT V4 35% 1.2 EXT IPSP,PRE ENGORDE,KAT,V4,0.35,1.2,EXTRUIDO,PNT,PRUEBA,ACTIVO,410.8798485,PYMAY25(2025),(PY-1)(+0),08,202508,17.88722852
2102108,1000027665,1000029660,30005855,NA,IPSP,7530791,NA,RA,ECUADOR,IPSP,INDUSTRIAL PESQUERA SANTA PRISCILA,INDUSTRIAL PESQUERA SANTA PRISCILA,,STA.PRISCILA KOREA,1168030,JARA AREVALO ADRIAN ENRIQUE,2042,IPSP,7530791,7530791 - KAT V4 35% 1.2 EXT IPSP,KAT V4 35% 1.2 EXT IPSP,Alimento Camarones,"Nicovita Katal Camarón 35% 1.2 EXT
",KAT V4 35% 1.2 EXT IPSP,PRE ENGORDE,KAT,V4,0.35,1.2,EXTRUIDO,PNT,PRUEBA,ACTIVO,410.8798485,PYMAY25(2025),(PY-1)(+0),09,202509,17.61311839
2102108,1000027665,1000029660,30005855,NA,IPSP,7530791,NA,RA,ECUADOR,IPSP,INDUSTRIAL PESQUERA SANTA PRISCILA,INDUSTRIAL PESQUERA SANTA PRISCILA,,STA.PRISCILA KOREA,1168030,JARA AREVALO ADRIAN ENRIQUE,2042,IPSP,7530791,7530791 - KAT V4 35% 1.2 EXT IPSP,KAT V4 35% 1.2 EXT IPSP,Alimento Camarones,"Nicovita Katal Camarón 35% 1.2 EXT
",KAT V4 35% 1.2 EXT IPSP,PRE ENGORDE,KAT,V4,0.35,1.2,EXTRUIDO,PNT,PRUEBA,ACTIVO,410.8798485,PYMAY25(2025),(PY-1)(+0),10,202510,19.03601803
2102108,1000027665,1000029660,30005855,NA,IPSP,7530791,NA,RA,ECUADOR,IPSP,INDUSTRIAL PESQUERA SANTA PRISCILA,INDUSTRIAL PESQUERA SANTA PRISCILA,,STA.PRISCILA KOREA,1168030,JARA AREVALO ADRIAN ENRIQUE,2042,IPSP,7530791,7530791 - KAT V4 35% 1.2 EXT IPSP,KAT V4 35% 1.2 EXT IPSP,Alimento Camarones,"Nicovita Katal Camarón 35% 1.2 EXT
",KAT V4 35% 1.2 EXT IPSP,PRE ENGORDE,KAT,V4,0.35,1.2,EXTRUIDO,PNT,PRUEBA,ACTIVO,410.8798485,PYMAY25(2025),(PY-1)(+0),11,202511,19.22152137
2102108,1000027665,1000029660,30005855,NA,IPSP,7530791,NA,RA,ECUADOR,IPSP,INDUSTRIAL PESQUERA SANTA PRISCILA,INDUSTRIAL PESQUERA SANTA PRISCILA,,STA.PRISCILA KOREA,1168030,JARA AREVALO ADRIAN ENRIQUE,2042,IPSP,7530791,7530791 - KAT V4 35% 1.2 EXT IPSP,KAT V4 35% 1.2 EXT IPSP,Alimento Camarones,"Nicovita Katal Camarón 35% 1.2 EXT
",KAT V4 35% 1.2 EXT IPSP,PRE ENGORDE,KAT,V4,0.35,1.2,EXTRUIDO,PNT,PRUEBA,ACTIVO,410.8798485,PYMAY25(2025),(PY-1)(+0),12,202512,17.71678499
2102108,1000027665,1000029660,30005104,NA,IPSP,7530791,NA,RA,ECUADOR,IPSP,INDUSTRIAL PESQUERA SANTA PRISCILA,INDUSTRIAL PESQUERA SANTA PRISCILA,,CABALA 1 - IPSP DIR,1168030,JARA AREVALO ADRIAN ENRIQUE,2042,IPSP,7530791,7530791 - KAT V4 35% 1.2 EXT IPSP,KAT V4 35% 1.2 EXT IPSP,Alimento Camarones,"Nicovita Katal Camarón 35% 1.2 EXT
",KAT V4 35% 1.2 EXT IPSP,PRE ENGORDE,KAT,V4,0.35,1.2,EXTRUIDO,PNT,PRUEBA,ACTIVO,30,PYMAY25(2025),(PY-1)(+0),01,202501,25
2102108,1000027665,1000029660,30005104,NA,IPSP,7530791,NA,RA,ECUADOR,IPSP,INDUSTRIAL PESQUERA SANTA PRISCILA,INDUSTRIAL PESQUERA SANTA PRISCILA,,CABALA 1 - IPSP DIR,1168030,JARA AREVALO ADRIAN ENRIQUE,2042,IPSP,7530791,7530791 - KAT V4 35% 1.2 EXT IPSP,KAT V4 35% 1.2 EXT IPSP,Alimento Camarones,"Nicovita Katal Camarón 35% 1.2 EXT
",KAT V4 35% 1.2 EXT IPSP,PRE ENGORDE,KAT,V4,0.35,1.2,EXTRUIDO,PNT,PRUEBA,ACTIVO,30,PYMAY25(2025),(PY-1)(+0),02,202502,5
2102108,1000027665,1000029660,30005106,NA,IPSP,7530791,NA,RA,ECUADOR,IPSP,INDUSTRIAL PESQUERA SANTA PRISCILA,INDUSTRIAL PESQUERA SANTA PRISCILA,,JAMAICA - IPSP DIR,1168030,JARA AREVALO ADRIAN ENRIQUE,2042,IPSP,7530791,7530791 - KAT V4 35% 1.2 EXT IPSP,KAT V4 35% 1.2 EXT IPSP,Alimento Camarones,"Nicovita Katal Camarón 35% 1.2 EXT
",KAT V4 35% 1.2 EXT IPSP,PRE ENGORDE,KAT,V4,0.35,1.2,EXTRUIDO,PNT,PRUEBA,ACTIVO,13,PYMAY25(2025),(PY-1)(+0),01,202501,12.5
2102108,1000027665,1000029660,30005106,NA,IPSP,7530791,NA,RA,ECUADOR,IPSP,INDUSTRIAL PESQUERA SANTA PRISCILA,INDUSTRIAL PESQUERA SANTA PRISCILA,,JAMAICA - IPSP DIR,1168030,JARA AREVALO ADRIAN ENRIQUE,2042,IPSP,7530791,7530791 - KAT V4 35% 1.2 EXT IPSP,KAT V4 35% 1.2 EXT IPSP,Alimento Camarones,"Nicovita Katal Camarón 35% 1.2 EXT
",KAT V4 35% 1.2 EXT IPSP,PRE ENGORDE,KAT,V4,0.35,1.2,EXTRUIDO,PNT,PRUEBA,ACTIVO,13,PYMAY25(2025),(PY-1)(+0),02,202502,0.5
2102108,1000027665,1000029660,30005403,NA,IPSP,7530791,NA,RA,ECUADOR,IPSP,INDUSTRIAL PESQUERA SANTA PRISCILA,INDUSTRIAL PESQUERA SANTA PRISCILA,,STA. PRISCILLA GOLFO-PTO. HONDO,1168030,JARA AREVALO ADRIAN ENRIQUE,2042,IPSP,7530791,7530791 - KAT V4 35% 1.2 EXT IPSP,KAT V4 35% 1.2 EXT IPSP,Alimento Camarones,"Nicovita Katal Camarón 35% 1.2 EXT
",KAT V4 35% 1.2 EXT IPSP,PRE ENGORDE,KAT,V4,0.35,1.2,EXTRUIDO,PNT,PRUEBA,ACTIVO,15,PYMAY25(2025),(PY-1)(+0),01,202501,15
2102108,1000027665,1000029660,30005406,NA,IPSP,7530791,NA,RA,ECUADOR,IPSP,INDUSTRIAL PESQUERA SANTA PRISCILA,INDUSTRIAL PESQUERA SANTA PRISCILA,,STA. PRISCILLA - CALIFORNIA,1168030,JARA AREVALO ADRIAN ENRIQUE,2042,IPSP,7530791,7530791 - KAT V4 35% 1.2 EXT IPSP,KAT V4 35% 1.2 EXT IPSP,Alimento Camarones,"Nicovita Katal Camarón 35% 1.2 EXT
",KAT V4 35% 1.2 EXT IPSP,PRE ENGORDE,KAT,V4,0.35,1.2,EXTRUIDO,PNT,PRUEBA,ACTIVO,558.05,PYMAY25(2025),(PY-1)(+0),01,202501,358.05
2102108,1000027665,1000029660,30005406,NA,IPSP,7530791,NA,RA,ECUADOR,IPSP,INDUSTRIAL PESQUERA SANTA PRISCILA,INDUSTRIAL PESQUERA SANTA PRISCILA,,STA. PRISCILLA - CALIFORNIA,1168030,JARA AREVALO ADRIAN ENRIQUE,2042,IPSP,7530791,7530791 - KAT V4 35% 1.2 EXT IPSP,KAT V4 35% 1.2 EXT IPSP,Alimento Camarones,"Nicovita Katal Camarón 35% 1.2 EXT
",KAT V4 35% 1.2 EXT IPSP,PRE ENGORDE,KAT,V4,0.35,1.2,EXTRUIDO,PNT,PRUEBA,ACTIVO,558.05,PYMAY25(2025),(PY-1)(+0),02,202502,200
2102108,1000027665,1000029660,30005406,NA,IPSP,7530791,NA,RA,ECUADOR,IPSP,INDUSTRIAL PESQUERA SANTA PRISCILA,INDUSTRIAL PESQUERA SANTA PRISCILA,,STA. PRISCILLA - CALIFORNIA,1168030,JARA AREVALO ADRIAN ENRIQUE,2042,IPSP,7530791,7530791 - KAT V4 35% 1.2 EXT IPSP,KAT V4 35% 1.2 EXT IPSP,Alimento Camarones,"Nicovita Katal Camarón 35% 1.2 EXT
",KAT V4 35% 1.2 EXT IPSP,PRE ENGORDE,KAT,V4,0.35,1.2,EXTRUIDO,PNT,PRUEBA,ACTIVO,558.05,PYMAY25(2025),(PY-1)(+0),03,202503,0
2102108,1000027665,1000029660,30005626,NA,IPSP,7530791,NA,RA,ECUADOR,IPSP,INDUSTRIAL PESQUERA SANTA PRISCILA,INDUSTRIAL PESQUERA SANTA PRISCILA,,CABALA 2 - IPSP DIR,1168030,JARA AREVALO ADRIAN ENRIQUE,2042,IPSP,7530791,7530791 - KAT V4 35% 1.2 EXT IPSP,KAT V4 35% 1.2 EXT IPSP,Alimento Camarones,"Nicovita Katal Camarón 35% 1.2 EXT
",KAT V4 35% 1.2 EXT IPSP,PRE ENGORDE,KAT,V4,0.35,1.2,EXTRUIDO,PNT,PRUEBA,ACTIVO,12.5,PYMAY25(2025),(PY-1)(+0),01,202501,12.5
2102108,1000027665,1000029660,30006720,NA,IPSP,7530791,NA,RA,ECUADOR,IPSP,INDUSTRIAL PESQUERA SANTA PRISCILA,INDUSTRIAL PESQUERA SANTA PRISCILA,,IPSP - SINGAPUR,1168030,JARA AREVALO ADRIAN ENRIQUE,2042,IPSP,7530791,7530791 - KAT V4 35% 1.2 EXT IPSP,KAT V4 35% 1.2 EXT IPSP,Alimento Camarones,"Nicovita Katal Camarón 35% 1.2 EXT
",KAT V4 35% 1.2 EXT IPSP,PRE ENGORDE,KAT,V4,0.35,1.2,EXTRUIDO,PNT,PRUEBA,ACTIVO,18.55,PYMAY25(2025),(PY-1)(+0),01,202501,17.5
2102108,1000027665,1000029660,30006720,NA,IPSP,7530791,NA,RA,ECUADOR,IPSP,INDUSTRIAL PESQUERA SANTA PRISCILA,INDUSTRIAL PESQUERA SANTA PRISCILA,,IPSP - SINGAPUR,1168030,JARA AREVALO ADRIAN ENRIQUE,2042,IPSP,7530791,7530791 - KAT V4 35% 1.2 EXT IPSP,KAT V4 35% 1.2 EXT IPSP,Alimento Camarones,"Nicovita Katal Camarón 35% 1.2 EXT
",KAT V4 35% 1.2 EXT IPSP,PRE ENGORDE,KAT,V4,0.35,1.2,EXTRUIDO,PNT,PRUEBA,ACTIVO,18.55,PYMAY25(2025),(PY-1)(+0),02,202502,1.05
2102108,1000027665,1000029660,1000027665,NA,IPSP,7530791,NA,RA,ECUADOR,IPSP,INDUSTRIAL PESQUERA SANTA PRISCILA,INDUSTRIAL PESQUERA SANTA PRISCILA,,INDUSTRIAL PESQUERA SANTA PRISCILA,1168030,JARA AREVALO ADRIAN ENRIQUE,2042,IPSP,7530791,7530791 - KAT V4 35% 1.2 EXT IPSP,KAT V4 35% 1.2 EXT IPSP,Alimento Camarones,"Nicovita Katal Camarón 35% 1.2 EXT
",KAT V4 35% 1.2 EXT IPSP,PRE ENGORDE,KAT,V4,0.35,1.2,EXTRUIDO,PNT,PRUEBA,ACTIVO,921.8291997,PYMAY25(2026),(PY-1)(+1),01,202601,921.8291997
2102108,1000027665,1000029660,30005104,NA,IPSP,7530791,NA,RA,ECUADOR,IPSP,INDUSTRIAL PESQUERA SANTA PRISCILA,INDUSTRIAL PESQUERA SANTA PRISCILA,,CABALA 1 - IPSP DIR,1168030,JARA AREVALO ADRIAN ENRIQUE,2042,IPSP,7530791,7530791 - KAT V4 35% 1.2 EXT IPSP,KAT V4 35% 1.2 EXT IPSP,Alimento Camarones,"Nicovita Katal Camarón 35% 1.2 EXT
",KAT V4 35% 1.2 EXT IPSP,PRE ENGORDE,KAT,V4,0.35,1.2,EXTRUIDO,PNT,PRUEBA,ACTIVO,30,PYJUN25(2025),(PY+0)(+0),01,202501,25
2102108,1000027665,1000029660,30005104,NA,IPSP,7530791,NA,RA,ECUADOR,IPSP,INDUSTRIAL PESQUERA SANTA PRISCILA,INDUSTRIAL PESQUERA SANTA PRISCILA,,CABALA 1 - IPSP DIR,1168030,JARA AREVALO ADRIAN ENRIQUE,2042,IPSP,7530791,7530791 - KAT V4 35% 1.2 EXT IPSP,KAT V4 35% 1.2 EXT IPSP,Alimento Camarones,"Nicovita Katal Camarón 35% 1.2 EXT
",KAT V4 35% 1.2 EXT IPSP,PRE ENGORDE,KAT,V4,0.35,1.2,EXTRUIDO,PNT,PRUEBA,ACTIVO,30,PYJUN25(2025),(PY+0)(+0),02,202502,5
2102108,1000027665,1000029660,30005106,NA,IPSP,7530791,NA,RA,ECUADOR,IPSP,INDUSTRIAL PESQUERA SANTA PRISCILA,INDUSTRIAL PESQUERA SANTA PRISCILA,,JAMAICA - IPSP DIR,1168030,JARA AREVALO ADRIAN ENRIQUE,2042,IPSP,7530791,7530791 - KAT V4 35% 1.2 EXT IPSP,KAT V4 35% 1.2 EXT IPSP,Alimento Camarones,"Nicovita Katal Camarón 35% 1.2 EXT
",KAT V4 35% 1.2 EXT IPSP,PRE ENGORDE,KAT,V4,0.35,1.2,EXTRUIDO,PNT,PRUEBA,ACTIVO,14.25,PYJUN25(2025),(PY+0)(+0),01,202501,12.5
2102108,1000027665,1000029660,30005106,NA,IPSP,7530791,NA,RA,ECUADOR,IPSP,INDUSTRIAL PESQUERA SANTA PRISCILA,INDUSTRIAL PESQUERA SANTA PRISCILA,,JAMAICA - IPSP DIR,1168030,JARA AREVALO ADRIAN ENRIQUE,2042,IPSP,7530791,7530791 - KAT V4 35% 1.2 EXT IPSP,KAT V4 35% 1.2 EXT IPSP,Alimento Camarones,"Nicovita Katal Camarón 35% 1.2 EXT
",KAT V4 35% 1.2 EXT IPSP,PRE ENGORDE,KAT,V4,0.35,1.2,EXTRUIDO,PNT,PRUEBA,ACTIVO,14.25,PYJUN25(2025),(PY+0)(+0),02,202502,0.5
2102108,1000027665,1000029660,30005106,NA,IPSP,7530791,NA,RA,ECUADOR,IPSP,INDUSTRIAL PESQUERA SANTA PRISCILA,INDUSTRIAL PESQUERA SANTA PRISCILA,,JAMAICA - IPSP DIR,1168030,JARA AREVALO ADRIAN ENRIQUE,2042,IPSP,7530791,7530791 - KAT V4 35% 1.2 EXT IPSP,KAT V4 35% 1.2 EXT IPSP,Alimento Camarones,"Nicovita Katal Camarón 35% 1.2 EXT
",KAT V4 35% 1.2 EXT IPSP,PRE ENGORDE,KAT,V4,0.35,1.2,EXTRUIDO,PNT,PRUEBA,ACTIVO,14.25,PYJUN25(2025),(PY+0)(+0),05,202505,1.25
2102108,1000027665,1000029660,30005317,NA,IPSP,7530791,NA,RA,ECUADOR,IPSP,INDUSTRIAL PESQUERA SANTA PRISCILA,INDUSTRIAL PESQUERA SANTA PRISCILA,,STA.PRISCILA  BAJEN 1,1168030,JARA AREVALO ADRIAN ENRIQUE,2042,IPSP,7530791,7530791 - KAT V4 35% 1.2 EXT IPSP,KAT V4 35% 1.2 EXT IPSP,Alimento Camarones,"Nicovita Katal Camarón 35% 1.2 EXT
",KAT V4 35% 1.2 EXT IPSP,PRE ENGORDE,KAT,V4,0.35,1.2,EXTRUIDO,PNT,PRUEBA,ACTIVO,557.7,PYJUN25(2025),(PY+0)(+0),01,202501,178.2
2102108,1000027665,1000029660,30005317,NA,IPSP,7530791,NA,RA,ECUADOR,IPSP,INDUSTRIAL PESQUERA SANTA PRISCILA,INDUSTRIAL PESQUERA SANTA PRISCILA,,STA.PRISCILA  BAJEN 1,1168030,JARA AREVALO ADRIAN ENRIQUE,2042,IPSP,7530791,7530791 - KAT V4 35% 1.2 EXT IPSP,KAT V4 35% 1.2 EXT IPSP,Alimento Camarones,"Nicovita Katal Camarón 35% 1.2 EXT
",KAT V4 35% 1.2 EXT IPSP,PRE ENGORDE,KAT,V4,0.35,1.2,EXTRUIDO,PNT,PRUEBA,ACTIVO,557.7,PYJUN25(2025),(PY+0)(+0),02,202502,92.4
2102108,1000027665,1000029660,30005317,NA,IPSP,7530791,NA,RA,ECUADOR,IPSP,INDUSTRIAL PESQUERA SANTA PRISCILA,INDUSTRIAL PESQUERA SANTA PRISCILA,,STA.PRISCILA  BAJEN 1,1168030,JARA AREVALO ADRIAN ENRIQUE,2042,IPSP,7530791,7530791 - KAT V4 35% 1.2 EXT IPSP,KAT V4 35% 1.2 EXT IPSP,Alimento Camarones,"Nicovita Katal Camarón 35% 1.2 EXT
",KAT V4 35% 1.2 EXT IPSP,PRE ENGORDE,KAT,V4,0.35,1.2,EXTRUIDO,PNT,PRUEBA,ACTIVO,557.7,PYJUN25(2025),(PY+0)(+0),03,202503,103.95
2102108,1000027665,1000029660,30005317,NA,IPSP,7530791,NA,RA,ECUADOR,IPSP,INDUSTRIAL PESQUERA SANTA PRISCILA,INDUSTRIAL PESQUERA SANTA PRISCILA,,STA.PRISCILA  BAJEN 1,1168030,JARA AREVALO ADRIAN ENRIQUE,2042,IPSP,7530791,7530791 - KAT V4 35% 1.2 EXT IPSP,KAT V4 35% 1.2 EXT IPSP,Alimento Camarones,"Nicovita Katal Camarón 35% 1.2 EXT
",KAT V4 35% 1.2 EXT IPSP,PRE ENGORDE,KAT,V4,0.35,1.2,EXTRUIDO,PNT,PRUEBA,ACTIVO,557.7,PYJUN25(2025),(PY+0)(+0),04,202504,89.1
2102108,1000027665,1000029660,30005317,NA,IPSP,7530791,NA,RA,ECUADOR,IPSP,INDUSTRIAL PESQUERA SANTA PRISCILA,INDUSTRIAL PESQUERA SANTA PRISCILA,,STA.PRISCILA  BAJEN 1,1168030,JARA AREVALO ADRIAN ENRIQUE,2042,IPSP,7530791,7530791 - KAT V4 35% 1.2 EXT IPSP,KAT V4 35% 1.2 EXT IPSP,Alimento Camarones,"Nicovita Katal Camarón 35% 1.2 EXT
",KAT V4 35% 1.2 EXT IPSP,PRE ENGORDE,KAT,V4,0.35,1.2,EXTRUIDO,PNT,PRUEBA,ACTIVO,557.7,PYJUN25(2025),(PY+0)(+0),05,202505,94.05
2102108,1000027665,1000029660,30005335,NA,IPSP,7530791,NA,RA,ECUADOR,IPSP,INDUSTRIAL PESQUERA SANTA PRISCILA,INDUSTRIAL PESQUERA SANTA PRISCILA,,STA. PRISCILLA - CORVINERO,1168030,JARA AREVALO ADRIAN ENRIQUE,2042,IPSP,7530791,7530791 - KAT V4 35% 1.2 EXT IPSP,KAT V4 35% 1.2 EXT IPSP,Alimento Camarones,"Nicovita Katal Camarón 35% 1.2 EXT
",KAT V4 35% 1.2 EXT IPSP,PRE ENGORDE,KAT,V4,0.35,1.2,EXTRUIDO,PNT,PRUEBA,ACTIVO,557.7,PYJUN25(2025),(PY+0)(+0),01,202501,148.5
2102108,1000027665,1000029660,30005335,NA,IPSP,7530791,NA,RA,ECUADOR,IPSP,INDUSTRIAL PESQUERA SANTA PRISCILA,INDUSTRIAL PESQUERA SANTA PRISCILA,,STA. PRISCILLA - CORVINERO,1168030,JARA AREVALO ADRIAN ENRIQUE,2042,IPSP,7530791,7530791 - KAT V4 35% 1.2 EXT IPSP,KAT V4 35% 1.2 EXT IPSP,Alimento Camarones,"Nicovita Katal Camarón 35% 1.2 EXT
",KAT V4 35% 1.2 EXT IPSP,PRE ENGORDE,KAT,V4,0.35,1.2,EXTRUIDO,PNT,PRUEBA,ACTIVO,557.7,PYJUN25(2025),(PY+0)(+0),02,202502,97.35
2102108,1000027665,1000029660,30005335,NA,IPSP,7530791,NA,RA,ECUADOR,IPSP,INDUSTRIAL PESQUERA SANTA PRISCILA,INDUSTRIAL PESQUERA SANTA PRISCILA,,STA. PRISCILLA - CORVINERO,1168030,JARA AREVALO ADRIAN ENRIQUE,2042,IPSP,7530791,7530791 - KAT V4 35% 1.2 EXT IPSP,KAT V4 35% 1.2 EXT IPSP,Alimento Camarones,"Nicovita Katal Camarón 35% 1.2 EXT
",KAT V4 35% 1.2 EXT IPSP,PRE ENGORDE,KAT,V4,0.35,1.2,EXTRUIDO,PNT,PRUEBA,ACTIVO,557.7,PYJUN25(2025),(PY+0)(+0),03,202503,166.65
2102108,1000027665,1000029660,30005335,NA,IPSP,7530791,NA,RA,ECUADOR,IPSP,INDUSTRIAL PESQUERA SANTA PRISCILA,INDUSTRIAL PESQUERA SANTA PRISCILA,,STA. PRISCILLA - CORVINERO,1168030,JARA AREVALO ADRIAN ENRIQUE,2042,IPSP,7530791,7530791 - KAT V4 35% 1.2 EXT IPSP,KAT V4 35% 1.2 EXT IPSP,Alimento Camarones,"Nicovita Katal Camarón 35% 1.2 EXT
",KAT V4 35% 1.2 EXT IPSP,PRE ENGORDE,KAT,V4,0.35,1.2,EXTRUIDO,PNT,PRUEBA,ACTIVO,557.7,PYJUN25(2025),(PY+0)(+0),04,202504,44.55
2102108,1000027665,1000029660,30005335,NA,IPSP,7530791,NA,RA,ECUADOR,IPSP,INDUSTRIAL PESQUERA SANTA PRISCILA,INDUSTRIAL PESQUERA SANTA PRISCILA,,STA. PRISCILLA - CORVINERO,1168030,JARA AREVALO ADRIAN ENRIQUE,2042,IPSP,7530791,7530791 - KAT V4 35% 1.2 EXT IPSP,KAT V4 35% 1.2 EXT IPSP,Alimento Camarones,"Nicovita Katal Camarón 35% 1.2 EXT
",KAT V4 35% 1.2 EXT IPSP,PRE ENGORDE,KAT,V4,0.35,1.2,EXTRUIDO,PNT,PRUEBA,ACTIVO,557.7,PYJUN25(2025),(PY+0)(+0),05,202505,100.65
2102108,1000027665,1000029660,30005403,NA,IPSP,7530791,NA,RA,ECUADOR,IPSP,INDUSTRIAL PESQUERA SANTA PRISCILA,INDUSTRIAL PESQUERA SANTA PRISCILA,,STA. PRISCILLA GOLFO-PTO. HONDO,1168030,JARA AREVALO ADRIAN ENRIQUE,2042,IPSP,7530791,7530791 - KAT V4 35% 1.2 EXT IPSP,KAT V4 35% 1.2 EXT IPSP,Alimento Camarones,"Nicovita Katal Camarón 35% 1.2 EXT
",KAT V4 35% 1.2 EXT IPSP,PRE ENGORDE,KAT,V4,0.35,1.2,EXTRUIDO,PNT,PRUEBA,ACTIVO,15,PYJUN25(2025),(PY+0)(+0),01,202501,15
2102108,1000027665,1000029660,30005406,NA,IPSP,7530791,NA,RA,ECUADOR,IPSP,INDUSTRIAL PESQUERA SANTA PRISCILA,INDUSTRIAL PESQUERA SANTA PRISCILA,,STA. PRISCILLA - CALIFORNIA,1168030,JARA AREVALO ADRIAN ENRIQUE,2042,IPSP,7530791,7530791 - KAT V4 35% 1.2 EXT IPSP,KAT V4 35% 1.2 EXT IPSP,Alimento Camarones,"Nicovita Katal Camarón 35% 1.2 EXT
",KAT V4 35% 1.2 EXT IPSP,PRE ENGORDE,KAT,V4,0.35,1.2,EXTRUIDO,PNT,PRUEBA,ACTIVO,558.05,PYJUN25(2025),(PY+0)(+0),01,202501,358.05
2102108,1000027665,1000029660,30005406,NA,IPSP,7530791,NA,RA,ECUADOR,IPSP,INDUSTRIAL PESQUERA SANTA PRISCILA,INDUSTRIAL PESQUERA SANTA PRISCILA,,STA. PRISCILLA - CALIFORNIA,1168030,JARA AREVALO ADRIAN ENRIQUE,2042,IPSP,7530791,7530791 - KAT V4 35% 1.2 EXT IPSP,KAT V4 35% 1.2 EXT IPSP,Alimento Camarones,"Nicovita Katal Camarón 35% 1.2 EXT
",KAT V4 35% 1.2 EXT IPSP,PRE ENGORDE,KAT,V4,0.35,1.2,EXTRUIDO,PNT,PRUEBA,ACTIVO,558.05,PYJUN25(2025),(PY+0)(+0),02,202502,200
2102108,1000027665,1000029660,30005406,NA,IPSP,7530791,NA,RA,ECUADOR,IPSP,INDUSTRIAL PESQUERA SANTA PRISCILA,INDUSTRIAL PESQUERA SANTA PRISCILA,,STA. PRISCILLA - CALIFORNIA,1168030,JARA AREVALO ADRIAN ENRIQUE,2042,IPSP,7530791,7530791 - KAT V4 35% 1.2 EXT IPSP,KAT V4 35% 1.2 EXT IPSP,Alimento Camarones,"Nicovita Katal Camarón 35% 1.2 EXT
",KAT V4 35% 1.2 EXT IPSP,PRE ENGORDE,KAT,V4,0.35,1.2,EXTRUIDO,PNT,PRUEBA,ACTIVO,558.05,PYJUN25(2025),(PY+0)(+0),03,202503,0
2102108,1000027665,1000029660,30005533,NA,IPSP,7530791,NA,RA,ECUADOR,IPSP,INDUSTRIAL PESQUERA SANTA PRISCILA,INDUSTRIAL PESQUERA SANTA PRISCILA,,STA.PRISCILA ASIA,1168030,JARA AREVALO ADRIAN ENRIQUE,2042,IPSP,7530791,7530791 - KAT V4 35% 1.2 EXT IPSP,KAT V4 35% 1.2 EXT IPSP,Alimento Camarones,"Nicovita Katal Camarón 35% 1.2 EXT
",KAT V4 35% 1.2 EXT IPSP,PRE ENGORDE,KAT,V4,0.35,1.2,EXTRUIDO,PNT,PRUEBA,ACTIVO,252.5,PYJUN25(2025),(PY+0)(+0),01,202501,88.75
2102108,1000027665,1000029660,30005533,NA,IPSP,7530791,NA,RA,ECUADOR,IPSP,INDUSTRIAL PESQUERA SANTA PRISCILA,INDUSTRIAL PESQUERA SANTA PRISCILA,,STA.PRISCILA ASIA,1168030,JARA AREVALO ADRIAN ENRIQUE,2042,IPSP,7530791,7530791 - KAT V4 35% 1.2 EXT IPSP,KAT V4 35% 1.2 EXT IPSP,Alimento Camarones,"Nicovita Katal Camarón 35% 1.2 EXT
",KAT V4 35% 1.2 EXT IPSP,PRE ENGORDE,KAT,V4,0.35,1.2,EXTRUIDO,PNT,PRUEBA,ACTIVO,252.5,PYJUN25(2025),(PY+0)(+0),03,202503,62.5
2102108,1000027665,1000029660,30005533,NA,IPSP,7530791,NA,RA,ECUADOR,IPSP,INDUSTRIAL PESQUERA SANTA PRISCILA,INDUSTRIAL PESQUERA SANTA PRISCILA,,STA.PRISCILA ASIA,1168030,JARA AREVALO ADRIAN ENRIQUE,2042,IPSP,7530791,7530791 - KAT V4 35% 1.2 EXT IPSP,KAT V4 35% 1.2 EXT IPSP,Alimento Camarones,"Nicovita Katal Camarón 35% 1.2 EXT
",KAT V4 35% 1.2 EXT IPSP,PRE ENGORDE,KAT,V4,0.35,1.2,EXTRUIDO,PNT,PRUEBA,ACTIVO,252.5,PYJUN25(2025),(PY+0)(+0),04,202504,41.25
2102108,1000027665,1000029660,30005533,NA,IPSP,7530791,NA,RA,ECUADOR,IPSP,INDUSTRIAL PESQUERA SANTA PRISCILA,INDUSTRIAL PESQUERA SANTA PRISCILA,,STA.PRISCILA ASIA,1168030,JARA AREVALO ADRIAN ENRIQUE,2042,IPSP,7530791,7530791 - KAT V4 35% 1.2 EXT IPSP,KAT V4 35% 1.2 EXT IPSP,Alimento Camarones,"Nicovita Katal Camarón 35% 1.2 EXT
",KAT V4 35% 1.2 EXT IPSP,PRE ENGORDE,KAT,V4,0.35,1.2,EXTRUIDO,PNT,PRUEBA,ACTIVO,252.5,PYJUN25(2025),(PY+0)(+0),05,202505,60
2102108,1000027665,1000029660,30005626,NA,IPSP,7530791,NA,RA,ECUADOR,IPSP,INDUSTRIAL PESQUERA SANTA PRISCILA,INDUSTRIAL PESQUERA SANTA PRISCILA,,CABALA 2 - IPSP DIR,1168030,JARA AREVALO ADRIAN ENRIQUE,2042,IPSP,7530791,7530791 - KAT V4 35% 1.2 EXT IPSP,KAT V4 35% 1.2 EXT IPSP,Alimento Camarones,"Nicovita Katal Camarón 35% 1.2 EXT
",KAT V4 35% 1.2 EXT IPSP,PRE ENGORDE,KAT,V4,0.35,1.2,EXTRUIDO,PNT,PRUEBA,ACTIVO,12.5,PYJUN25(2025),(PY+0)(+0),01,202501,12.5
2102108,1000027665,1000029660,30005768,NA,IPSP,7530791,NA,RA,ECUADOR,IPSP,INDUSTRIAL PESQUERA SANTA PRISCILA,INDUSTRIAL PESQUERA SANTA PRISCILA,,STA.PRISCILA CHANDUY,1168030,JARA AREVALO ADRIAN ENRIQUE,2042,IPSP,7530791,7530791 - KAT V4 35% 1.2 EXT IPSP,KAT V4 35% 1.2 EXT IPSP,Alimento Camarones,"Nicovita Katal Camarón 35% 1.2 EXT
",KAT V4 35% 1.2 EXT IPSP,PRE ENGORDE,KAT,V4,0.35,1.2,EXTRUIDO,PNT,PRUEBA,ACTIVO,475.2,PYJUN25(2025),(PY+0)(+0),01,202501,163.35
2102108,1000027665,1000029660,30005768,NA,IPSP,7530791,NA,RA,ECUADOR,IPSP,INDUSTRIAL PESQUERA SANTA PRISCILA,INDUSTRIAL PESQUERA SANTA PRISCILA,,STA.PRISCILA CHANDUY,1168030,JARA AREVALO ADRIAN ENRIQUE,2042,IPSP,7530791,7530791 - KAT V4 35% 1.2 EXT IPSP,KAT V4 35% 1.2 EXT IPSP,Alimento Camarones,"Nicovita Katal Camarón 35% 1.2 EXT
",KAT V4 35% 1.2 EXT IPSP,PRE ENGORDE,KAT,V4,0.35,1.2,EXTRUIDO,PNT,PRUEBA,ACTIVO,475.2,PYJUN25(2025),(PY+0)(+0),03,202503,103.95
2102108,1000027665,1000029660,30005768,NA,IPSP,7530791,NA,RA,ECUADOR,IPSP,INDUSTRIAL PESQUERA SANTA PRISCILA,INDUSTRIAL PESQUERA SANTA PRISCILA,,STA.PRISCILA CHANDUY,1168030,JARA AREVALO ADRIAN ENRIQUE,2042,IPSP,7530791,7530791 - KAT V4 35% 1.2 EXT IPSP,KAT V4 35% 1.2 EXT IPSP,Alimento Camarones,"Nicovita Katal Camarón 35% 1.2 EXT
",KAT V4 35% 1.2 EXT IPSP,PRE ENGORDE,KAT,V4,0.35,1.2,EXTRUIDO,PNT,PRUEBA,ACTIVO,475.2,PYJUN25(2025),(PY+0)(+0),04,202504,103.95
2102108,1000027665,1000029660,30005768,NA,IPSP,7530791,NA,RA,ECUADOR,IPSP,INDUSTRIAL PESQUERA SANTA PRISCILA,INDUSTRIAL PESQUERA SANTA PRISCILA,,STA.PRISCILA CHANDUY,1168030,JARA AREVALO ADRIAN ENRIQUE,2042,IPSP,7530791,7530791 - KAT V4 35% 1.2 EXT IPSP,KAT V4 35% 1.2 EXT IPSP,Alimento Camarones,"Nicovita Katal Camarón 35% 1.2 EXT
",KAT V4 35% 1.2 EXT IPSP,PRE ENGORDE,KAT,V4,0.35,1.2,EXTRUIDO,PNT,PRUEBA,ACTIVO,475.2,PYJUN25(2025),(PY+0)(+0),05,202505,103.95
2102108,1000027665,1000029660,30005769,NA,IPSP,7530791,NA,RA,ECUADOR,IPSP,INDUSTRIAL PESQUERA SANTA PRISCILA,INDUSTRIAL PESQUERA SANTA PRISCILA,,STA. PRISCILA  PAÑAMAO,1168030,JARA AREVALO ADRIAN ENRIQUE,2042,IPSP,7530791,7530791 - KAT V4 35% 1.2 EXT IPSP,KAT V4 35% 1.2 EXT IPSP,Alimento Camarones,"Nicovita Katal Camarón 35% 1.2 EXT
",KAT V4 35% 1.2 EXT IPSP,PRE ENGORDE,KAT,V4,0.35,1.2,EXTRUIDO,PNT,PRUEBA,ACTIVO,1336.45,PYJUN25(2025),(PY+0)(+0),01,202501,326.7
2102108,1000027665,1000029660,30005769,NA,IPSP,7530791,NA,RA,ECUADOR,IPSP,INDUSTRIAL PESQUERA SANTA PRISCILA,INDUSTRIAL PESQUERA SANTA PRISCILA,,STA. PRISCILA  PAÑAMAO,1168030,JARA AREVALO ADRIAN ENRIQUE,2042,IPSP,7530791,7530791 - KAT V4 35% 1.2 EXT IPSP,KAT V4 35% 1.2 EXT IPSP,Alimento Camarones,"Nicovita Katal Camarón 35% 1.2 EXT
",KAT V4 35% 1.2 EXT IPSP,PRE ENGORDE,KAT,V4,0.35,1.2,EXTRUIDO,PNT,PRUEBA,ACTIVO,1336.45,PYJUN25(2025),(PY+0)(+0),02,202502,237.6
2102108,1000027665,1000029660,30005769,NA,IPSP,7530791,NA,RA,ECUADOR,IPSP,INDUSTRIAL PESQUERA SANTA PRISCILA,INDUSTRIAL PESQUERA SANTA PRISCILA,,STA. PRISCILA  PAÑAMAO,1168030,JARA AREVALO ADRIAN ENRIQUE,2042,IPSP,7530791,7530791 - KAT V4 35% 1.2 EXT IPSP,KAT V4 35% 1.2 EXT IPSP,Alimento Camarones,"Nicovita Katal Camarón 35% 1.2 EXT
",KAT V4 35% 1.2 EXT IPSP,PRE ENGORDE,KAT,V4,0.35,1.2,EXTRUIDO,PNT,PRUEBA,ACTIVO,1336.45,PYJUN25(2025),(PY+0)(+0),03,202503,252.4
2102108,1000027665,1000029660,30005769,NA,IPSP,7530791,NA,RA,ECUADOR,IPSP,INDUSTRIAL PESQUERA SANTA PRISCILA,INDUSTRIAL PESQUERA SANTA PRISCILA,,STA. PRISCILA  PAÑAMAO,1168030,JARA AREVALO ADRIAN ENRIQUE,2042,IPSP,7530791,7530791 - KAT V4 35% 1.2 EXT IPSP,KAT V4 35% 1.2 EXT IPSP,Alimento Camarones,"Nicovita Katal Camarón 35% 1.2 EXT
",KAT V4 35% 1.2 EXT IPSP,PRE ENGORDE,KAT,V4,0.35,1.2,EXTRUIDO,PNT,PRUEBA,ACTIVO,1336.45,PYJUN25(2025),(PY+0)(+0),04,202504,222.75
2102108,1000027665,1000029660,30005769,NA,IPSP,7530791,NA,RA,ECUADOR,IPSP,INDUSTRIAL PESQUERA SANTA PRISCILA,INDUSTRIAL PESQUERA SANTA PRISCILA,,STA. PRISCILA  PAÑAMAO,1168030,JARA AREVALO ADRIAN ENRIQUE,2042,IPSP,7530791,7530791 - KAT V4 35% 1.2 EXT IPSP,KAT V4 35% 1.2 EXT IPSP,Alimento Camarones,"Nicovita Katal Camarón 35% 1.2 EXT
",KAT V4 35% 1.2 EXT IPSP,PRE ENGORDE,KAT,V4,0.35,1.2,EXTRUIDO,PNT,PRUEBA,ACTIVO,1336.45,PYJUN25(2025),(PY+0)(+0),05,202505,297
2102108,1000027665,1000029660,30005795,NA,IPSP,7530791,NA,RA,ECUADOR,IPSP,INDUSTRIAL PESQUERA SANTA PRISCILA,INDUSTRIAL PESQUERA SANTA PRISCILA,,STA.PRISCILA CHURUTE,1168030,JARA AREVALO ADRIAN ENRIQUE,2042,IPSP,7530791,7530791 - KAT V4 35% 1.2 EXT IPSP,KAT V4 35% 1.2 EXT IPSP,Alimento Camarones,"Nicovita Katal Camarón 35% 1.2 EXT
",KAT V4 35% 1.2 EXT IPSP,PRE ENGORDE,KAT,V4,0.35,1.2,EXTRUIDO,PNT,PRUEBA,ACTIVO,168.5,PYJUN25(2025),(PY+0)(+0),01,202501,89.1
2102108,1000027665,1000029660,30005795,NA,IPSP,7530791,NA,RA,ECUADOR,IPSP,INDUSTRIAL PESQUERA SANTA PRISCILA,INDUSTRIAL PESQUERA SANTA PRISCILA,,STA.PRISCILA CHURUTE,1168030,JARA AREVALO ADRIAN ENRIQUE,2042,IPSP,7530791,7530791 - KAT V4 35% 1.2 EXT IPSP,KAT V4 35% 1.2 EXT IPSP,Alimento Camarones,"Nicovita Katal Camarón 35% 1.2 EXT
",KAT V4 35% 1.2 EXT IPSP,PRE ENGORDE,KAT,V4,0.35,1.2,EXTRUIDO,PNT,PRUEBA,ACTIVO,168.5,PYJUN25(2025),(PY+0)(+0),02,202502,7.5
2102108,1000027665,1000029660,30005795,NA,IPSP,7530791,NA,RA,ECUADOR,IPSP,INDUSTRIAL PESQUERA SANTA PRISCILA,INDUSTRIAL PESQUERA SANTA PRISCILA,,STA.PRISCILA CHURUTE,1168030,JARA AREVALO ADRIAN ENRIQUE,2042,IPSP,7530791,7530791 - KAT V4 35% 1.2 EXT IPSP,KAT V4 35% 1.2 EXT IPSP,Alimento Camarones,"Nicovita Katal Camarón 35% 1.2 EXT
",KAT V4 35% 1.2 EXT IPSP,PRE ENGORDE,KAT,V4,0.35,1.2,EXTRUIDO,PNT,PRUEBA,ACTIVO,168.5,PYJUN25(2025),(PY+0)(+0),03,202503,42.2
2102108,1000027665,1000029660,30005795,NA,IPSP,7530791,NA,RA,ECUADOR,IPSP,INDUSTRIAL PESQUERA SANTA PRISCILA,INDUSTRIAL PESQUERA SANTA PRISCILA,,STA.PRISCILA CHURUTE,1168030,JARA AREVALO ADRIAN ENRIQUE,2042,IPSP,7530791,7530791 - KAT V4 35% 1.2 EXT IPSP,KAT V4 35% 1.2 EXT IPSP,Alimento Camarones,"Nicovita Katal Camarón 35% 1.2 EXT
",KAT V4 35% 1.2 EXT IPSP,PRE ENGORDE,KAT,V4,0.35,1.2,EXTRUIDO,PNT,PRUEBA,ACTIVO,168.5,PYJUN25(2025),(PY+0)(+0),04,202504,29.7
2102108,1000027665,1000029660,30005855,NA,IPSP,7530791,NA,RA,ECUADOR,IPSP,INDUSTRIAL PESQUERA SANTA PRISCILA,INDUSTRIAL PESQUERA SANTA PRISCILA,,STA.PRISCILA KOREA,1168030,JARA AREVALO ADRIAN ENRIQUE,2042,IPSP,7530791,7530791 - KAT V4 35% 1.2 EXT IPSP,KAT V4 35% 1.2 EXT IPSP,Alimento Camarones,"Nicovita Katal Camarón 35% 1.2 EXT
",KAT V4 35% 1.2 EXT IPSP,PRE ENGORDE,KAT,V4,0.35,1.2,EXTRUIDO,PNT,PRUEBA,ACTIVO,311.85,PYJUN25(2025),(PY+0)(+0),01,202501,89.1
2102108,1000027665,1000029660,30005855,NA,IPSP,7530791,NA,RA,ECUADOR,IPSP,INDUSTRIAL PESQUERA SANTA PRISCILA,INDUSTRIAL PESQUERA SANTA PRISCILA,,STA.PRISCILA KOREA,1168030,JARA AREVALO ADRIAN ENRIQUE,2042,IPSP,7530791,7530791 - KAT V4 35% 1.2 EXT IPSP,KAT V4 35% 1.2 EXT IPSP,Alimento Camarones,"Nicovita Katal Camarón 35% 1.2 EXT
",KAT V4 35% 1.2 EXT IPSP,PRE ENGORDE,KAT,V4,0.35,1.2,EXTRUIDO,PNT,PRUEBA,ACTIVO,311.85,PYJUN25(2025),(PY+0)(+0),02,202502,29.7
2102108,1000027665,1000029660,30005855,NA,IPSP,7530791,NA,RA,ECUADOR,IPSP,INDUSTRIAL PESQUERA SANTA PRISCILA,INDUSTRIAL PESQUERA SANTA PRISCILA,,STA.PRISCILA KOREA,1168030,JARA AREVALO ADRIAN ENRIQUE,2042,IPSP,7530791,7530791 - KAT V4 35% 1.2 EXT IPSP,KAT V4 35% 1.2 EXT IPSP,Alimento Camarones,"Nicovita Katal Camarón 35% 1.2 EXT
",KAT V4 35% 1.2 EXT IPSP,PRE ENGORDE,KAT,V4,0.35,1.2,EXTRUIDO,PNT,PRUEBA,ACTIVO,311.85,PYJUN25(2025),(PY+0)(+0),03,202503,148.5
2102108,1000027665,1000029660,30005855,NA,IPSP,7530791,NA,RA,ECUADOR,IPSP,INDUSTRIAL PESQUERA SANTA PRISCILA,INDUSTRIAL PESQUERA SANTA PRISCILA,,STA.PRISCILA KOREA,1168030,JARA AREVALO ADRIAN ENRIQUE,2042,IPSP,7530791,7530791 - KAT V4 35% 1.2 EXT IPSP,KAT V4 35% 1.2 EXT IPSP,Alimento Camarones,"Nicovita Katal Camarón 35% 1.2 EXT
",KAT V4 35% 1.2 EXT IPSP,PRE ENGORDE,KAT,V4,0.35,1.2,EXTRUIDO,PNT,PRUEBA,ACTIVO,311.85,PYJUN25(2025),(PY+0)(+0),04,202504,14.85
2102108,1000027665,1000029660,30005855,NA,IPSP,7530791,NA,RA,ECUADOR,IPSP,INDUSTRIAL PESQUERA SANTA PRISCILA,INDUSTRIAL PESQUERA SANTA PRISCILA,,STA.PRISCILA KOREA,1168030,JARA AREVALO ADRIAN ENRIQUE,2042,IPSP,7530791,7530791 - KAT V4 35% 1.2 EXT IPSP,KAT V4 35% 1.2 EXT IPSP,Alimento Camarones,"Nicovita Katal Camarón 35% 1.2 EXT
",KAT V4 35% 1.2 EXT IPSP,PRE ENGORDE,KAT,V4,0.35,1.2,EXTRUIDO,PNT,PRUEBA,ACTIVO,311.85,PYJUN25(2025),(PY+0)(+0),05,202505,29.7
2102108,1000027665,1000029660,30005946,NA,IPSP,7530791,NA,RA,ECUADOR,IPSP,INDUSTRIAL PESQUERA SANTA PRISCILA,INDUSTRIAL PESQUERA SANTA PRISCILA,,STA.PRISCILA AFRICA - CAMERÚN (PRU),1168030,JARA AREVALO ADRIAN ENRIQUE,2042,IPSP,7530791,7530791 - KAT V4 35% 1.2 EXT IPSP,KAT V4 35% 1.2 EXT IPSP,Alimento Camarones,"Nicovita Katal Camarón 35% 1.2 EXT
",KAT V4 35% 1.2 EXT IPSP,PRE ENGORDE,KAT,V4,0.35,1.2,EXTRUIDO,PNT,PRUEBA,ACTIVO,435.95,PYJUN25(2025),(PY+0)(+0),01,202501,184.9
2102108,1000027665,1000029660,30005946,NA,IPSP,7530791,NA,RA,ECUADOR,IPSP,INDUSTRIAL PESQUERA SANTA PRISCILA,INDUSTRIAL PESQUERA SANTA PRISCILA,,STA.PRISCILA AFRICA - CAMERÚN (PRU),1168030,JARA AREVALO ADRIAN ENRIQUE,2042,IPSP,7530791,7530791 - KAT V4 35% 1.2 EXT IPSP,KAT V4 35% 1.2 EXT IPSP,Alimento Camarones,"Nicovita Katal Camarón 35% 1.2 EXT
",KAT V4 35% 1.2 EXT IPSP,PRE ENGORDE,KAT,V4,0.35,1.2,EXTRUIDO,PNT,PRUEBA,ACTIVO,435.95,PYJUN25(2025),(PY+0)(+0),02,202502,12.5
2102108,1000027665,1000029660,30005946,NA,IPSP,7530791,NA,RA,ECUADOR,IPSP,INDUSTRIAL PESQUERA SANTA PRISCILA,INDUSTRIAL PESQUERA SANTA PRISCILA,,STA.PRISCILA AFRICA - CAMERÚN (PRU),1168030,JARA AREVALO ADRIAN ENRIQUE,2042,IPSP,7530791,7530791 - KAT V4 35% 1.2 EXT IPSP,KAT V4 35% 1.2 EXT IPSP,Alimento Camarones,"Nicovita Katal Camarón 35% 1.2 EXT
",KAT V4 35% 1.2 EXT IPSP,PRE ENGORDE,KAT,V4,0.35,1.2,EXTRUIDO,PNT,PRUEBA,ACTIVO,435.95,PYJUN25(2025),(PY+0)(+0),03,202503,131.3
2102108,1000027665,1000029660,30005946,NA,IPSP,7530791,NA,RA,ECUADOR,IPSP,INDUSTRIAL PESQUERA SANTA PRISCILA,INDUSTRIAL PESQUERA SANTA PRISCILA,,STA.PRISCILA AFRICA - CAMERÚN (PRU),1168030,JARA AREVALO ADRIAN ENRIQUE,2042,IPSP,7530791,7530791 - KAT V4 35% 1.2 EXT IPSP,KAT V4 35% 1.2 EXT IPSP,Alimento Camarones,"Nicovita Katal Camarón 35% 1.2 EXT
",KAT V4 35% 1.2 EXT IPSP,PRE ENGORDE,KAT,V4,0.35,1.2,EXTRUIDO,PNT,PRUEBA,ACTIVO,435.95,PYJUN25(2025),(PY+0)(+0),04,202504,59.4
2102108,1000027665,1000029660,30005946,NA,IPSP,7530791,NA,RA,ECUADOR,IPSP,INDUSTRIAL PESQUERA SANTA PRISCILA,INDUSTRIAL PESQUERA SANTA PRISCILA,,STA.PRISCILA AFRICA - CAMERÚN (PRU),1168030,JARA AREVALO ADRIAN ENRIQUE,2042,IPSP,7530791,7530791 - KAT V4 35% 1.2 EXT IPSP,KAT V4 35% 1.2 EXT IPSP,Alimento Camarones,"Nicovita Katal Camarón 35% 1.2 EXT
",KAT V4 35% 1.2 EXT IPSP,PRE ENGORDE,KAT,V4,0.35,1.2,EXTRUIDO,PNT,PRUEBA,ACTIVO,435.95,PYJUN25(2025),(PY+0)(+0),05,202505,47.85
2102108,1000027665,1000029660,30006720,NA,IPSP,7530791,NA,RA,ECUADOR,IPSP,INDUSTRIAL PESQUERA SANTA PRISCILA,INDUSTRIAL PESQUERA SANTA PRISCILA,,IPSP - SINGAPUR,1168030,JARA AREVALO ADRIAN ENRIQUE,2042,IPSP,7530791,7530791 - KAT V4 35% 1.2 EXT IPSP,KAT V4 35% 1.2 EXT IPSP,Alimento Camarones,"Nicovita Katal Camarón 35% 1.2 EXT
",KAT V4 35% 1.2 EXT IPSP,PRE ENGORDE,KAT,V4,0.35,1.2,EXTRUIDO,PNT,PRUEBA,ACTIVO,48.55,PYJUN25(2025),(PY+0)(+0),01,202501,17.5
2102108,1000027665,1000029660,30006720,NA,IPSP,7530791,NA,RA,ECUADOR,IPSP,INDUSTRIAL PESQUERA SANTA PRISCILA,INDUSTRIAL PESQUERA SANTA PRISCILA,,IPSP - SINGAPUR,1168030,JARA AREVALO ADRIAN ENRIQUE,2042,IPSP,7530791,7530791 - KAT V4 35% 1.2 EXT IPSP,KAT V4 35% 1.2 EXT IPSP,Alimento Camarones,"Nicovita Katal Camarón 35% 1.2 EXT
",KAT V4 35% 1.2 EXT IPSP,PRE ENGORDE,KAT,V4,0.35,1.2,EXTRUIDO,PNT,PRUEBA,ACTIVO,48.55,PYJUN25(2025),(PY+0)(+0),02,202502,1.05
2102108,1000027665,1000029660,30006720,NA,IPSP,7530791,NA,RA,ECUADOR,IPSP,INDUSTRIAL PESQUERA SANTA PRISCILA,INDUSTRIAL PESQUERA SANTA PRISCILA,,IPSP - SINGAPUR,1168030,JARA AREVALO ADRIAN ENRIQUE,2042,IPSP,7530791,7530791 - KAT V4 35% 1.2 EXT IPSP,KAT V4 35% 1.2 EXT IPSP,Alimento Camarones,"Nicovita Katal Camarón 35% 1.2 EXT
",KAT V4 35% 1.2 EXT IPSP,PRE ENGORDE,KAT,V4,0.35,1.2,EXTRUIDO,PNT,PRUEBA,ACTIVO,48.55,PYJUN25(2025),(PY+0)(+0),05,202505,30
2102108,1000027665,1000029660,30005106,NA,IPSP,7530791,NA,RA,ECUADOR,IPSP,INDUSTRIAL PESQUERA SANTA PRISCILA,INDUSTRIAL PESQUERA SANTA PRISCILA,,JAMAICA - IPSP DIR,1168030,JARA AREVALO ADRIAN ENRIQUE,2042,IPSP,7530791,7530791 - KAT V4 35% 1.2 EXT IPSP,KAT V4 35% 1.2 EXT IPSP,Alimento Camarones,"Nicovita Katal Camarón 35% 1.2 EXT
",KAT V4 35% 1.2 EXT IPSP,PRE ENGORDE,KAT,V4,0.35,1.2,EXTRUIDO,PNT,PRUEBA,ACTIVO,9.10164834,PYJUN25(2026),(PY+0)(+1),01,202601,1.507340571
2102108,1000027665,1000029660,30005106,NA,IPSP,7530791,NA,RA,ECUADOR,IPSP,INDUSTRIAL PESQUERA SANTA PRISCILA,INDUSTRIAL PESQUERA SANTA PRISCILA,,JAMAICA - IPSP DIR,1168030,JARA AREVALO ADRIAN ENRIQUE,2042,IPSP,7530791,7530791 - KAT V4 35% 1.2 EXT IPSP,KAT V4 35% 1.2 EXT IPSP,Alimento Camarones,"Nicovita Katal Camarón 35% 1.2 EXT
",KAT V4 35% 1.2 EXT IPSP,PRE ENGORDE,KAT,V4,0.35,1.2,EXTRUIDO,PNT,PRUEBA,ACTIVO,9.10164834,PYJUN25(2026),(PY+0)(+1),02,202602,1.497392123
2102108,1000027665,1000029660,30005106,NA,IPSP,7530791,NA,RA,ECUADOR,IPSP,INDUSTRIAL PESQUERA SANTA PRISCILA,INDUSTRIAL PESQUERA SANTA PRISCILA,,JAMAICA - IPSP DIR,1168030,JARA AREVALO ADRIAN ENRIQUE,2042,IPSP,7530791,7530791 - KAT V4 35% 1.2 EXT IPSP,KAT V4 35% 1.2 EXT IPSP,Alimento Camarones,"Nicovita Katal Camarón 35% 1.2 EXT
",KAT V4 35% 1.2 EXT IPSP,PRE ENGORDE,KAT,V4,0.35,1.2,EXTRUIDO,PNT,PRUEBA,ACTIVO,9.10164834,PYJUN25(2026),(PY+0)(+1),03,202603,1.517906395
2102108,1000027665,1000029660,30005106,NA,IPSP,7530791,NA,RA,ECUADOR,IPSP,INDUSTRIAL PESQUERA SANTA PRISCILA,INDUSTRIAL PESQUERA SANTA PRISCILA,,JAMAICA - IPSP DIR,1168030,JARA AREVALO ADRIAN ENRIQUE,2042,IPSP,7530791,7530791 - KAT V4 35% 1.2 EXT IPSP,KAT V4 35% 1.2 EXT IPSP,Alimento Camarones,"Nicovita Katal Camarón 35% 1.2 EXT
",KAT V4 35% 1.2 EXT IPSP,PRE ENGORDE,KAT,V4,0.35,1.2,EXTRUIDO,PNT,PRUEBA,ACTIVO,9.10164834,PYJUN25(2026),(PY+0)(+1),04,202604,1.589247996
2102108,1000027665,1000029660,30005106,NA,IPSP,7530791,NA,RA,ECUADOR,IPSP,INDUSTRIAL PESQUERA SANTA PRISCILA,INDUSTRIAL PESQUERA SANTA PRISCILA,,JAMAICA - IPSP DIR,1168030,JARA AREVALO ADRIAN ENRIQUE,2042,IPSP,7530791,7530791 - KAT V4 35% 1.2 EXT IPSP,KAT V4 35% 1.2 EXT IPSP,Alimento Camarones,"Nicovita Katal Camarón 35% 1.2 EXT
",KAT V4 35% 1.2 EXT IPSP,PRE ENGORDE,KAT,V4,0.35,1.2,EXTRUIDO,PNT,PRUEBA,ACTIVO,9.10164834,PYJUN25(2026),(PY+0)(+1),05,202605,1.556032713
2102108,1000027665,1000029660,30005106,NA,IPSP,7530791,NA,RA,ECUADOR,IPSP,INDUSTRIAL PESQUERA SANTA PRISCILA,INDUSTRIAL PESQUERA SANTA PRISCILA,,JAMAICA - IPSP DIR,1168030,JARA AREVALO ADRIAN ENRIQUE,2042,IPSP,7530791,7530791 - KAT V4 35% 1.2 EXT IPSP,KAT V4 35% 1.2 EXT IPSP,Alimento Camarones,"Nicovita Katal Camarón 35% 1.2 EXT
",KAT V4 35% 1.2 EXT IPSP,PRE ENGORDE,KAT,V4,0.35,1.2,EXTRUIDO,PNT,PRUEBA,ACTIVO,9.10164834,PYJUN25(2026),(PY+0)(+1),06,202606,1.433728542
2102108,1000027665,1000029660,30005317,NA,IPSP,7530791,NA,RA,ECUADOR,IPSP,INDUSTRIAL PESQUERA SANTA PRISCILA,INDUSTRIAL PESQUERA SANTA PRISCILA,,STA.PRISCILA  BAJEN 1,1168030,JARA AREVALO ADRIAN ENRIQUE,2042,IPSP,7530791,7530791 - KAT V4 35% 1.2 EXT IPSP,KAT V4 35% 1.2 EXT IPSP,Alimento Camarones,"Nicovita Katal Camarón 35% 1.2 EXT
",KAT V4 35% 1.2 EXT IPSP,PRE ENGORDE,KAT,V4,0.35,1.2,EXTRUIDO,PNT,PRUEBA,ACTIVO,684.8080211,PYJUN25(2026),(PY+0)(+1),01,202601,113.4123046
2102108,1000027665,1000029660,30005317,NA,IPSP,7530791,NA,RA,ECUADOR,IPSP,INDUSTRIAL PESQUERA SANTA PRISCILA,INDUSTRIAL PESQUERA SANTA PRISCILA,,STA.PRISCILA  BAJEN 1,1168030,JARA AREVALO ADRIAN ENRIQUE,2042,IPSP,7530791,7530791 - KAT V4 35% 1.2 EXT IPSP,KAT V4 35% 1.2 EXT IPSP,Alimento Camarones,"Nicovita Katal Camarón 35% 1.2 EXT
",KAT V4 35% 1.2 EXT IPSP,PRE ENGORDE,KAT,V4,0.35,1.2,EXTRUIDO,PNT,PRUEBA,ACTIVO,684.8080211,PYJUN25(2026),(PY+0)(+1),02,202602,112.6637834
2102108,1000027665,1000029660,30005317,NA,IPSP,7530791,NA,RA,ECUADOR,IPSP,INDUSTRIAL PESQUERA SANTA PRISCILA,INDUSTRIAL PESQUERA SANTA PRISCILA,,STA.PRISCILA  BAJEN 1,1168030,JARA AREVALO ADRIAN ENRIQUE,2042,IPSP,7530791,7530791 - KAT V4 35% 1.2 EXT IPSP,KAT V4 35% 1.2 EXT IPSP,Alimento Camarones,"Nicovita Katal Camarón 35% 1.2 EXT
",KAT V4 35% 1.2 EXT IPSP,PRE ENGORDE,KAT,V4,0.35,1.2,EXTRUIDO,PNT,PRUEBA,ACTIVO,684.8080211,PYJUN25(2026),(PY+0)(+1),03,202603,114.2072772
2102108,1000027665,1000029660,30005317,NA,IPSP,7530791,NA,RA,ECUADOR,IPSP,INDUSTRIAL PESQUERA SANTA PRISCILA,INDUSTRIAL PESQUERA SANTA PRISCILA,,STA.PRISCILA  BAJEN 1,1168030,JARA AREVALO ADRIAN ENRIQUE,2042,IPSP,7530791,7530791 - KAT V4 35% 1.2 EXT IPSP,KAT V4 35% 1.2 EXT IPSP,Alimento Camarones,"Nicovita Katal Camarón 35% 1.2 EXT
",KAT V4 35% 1.2 EXT IPSP,PRE ENGORDE,KAT,V4,0.35,1.2,EXTRUIDO,PNT,PRUEBA,ACTIVO,684.8080211,PYJUN25(2026),(PY+0)(+1),04,202604,119.5750192
2102108,1000027665,1000029660,30005317,NA,IPSP,7530791,NA,RA,ECUADOR,IPSP,INDUSTRIAL PESQUERA SANTA PRISCILA,INDUSTRIAL PESQUERA SANTA PRISCILA,,STA.PRISCILA  BAJEN 1,1168030,JARA AREVALO ADRIAN ENRIQUE,2042,IPSP,7530791,7530791 - KAT V4 35% 1.2 EXT IPSP,KAT V4 35% 1.2 EXT IPSP,Alimento Camarones,"Nicovita Katal Camarón 35% 1.2 EXT
",KAT V4 35% 1.2 EXT IPSP,PRE ENGORDE,KAT,V4,0.35,1.2,EXTRUIDO,PNT,PRUEBA,ACTIVO,684.8080211,PYJUN25(2026),(PY+0)(+1),05,202605,117.0759013
2102108,1000027665,1000029660,30005317,NA,IPSP,7530791,NA,RA,ECUADOR,IPSP,INDUSTRIAL PESQUERA SANTA PRISCILA,INDUSTRIAL PESQUERA SANTA PRISCILA,,STA.PRISCILA  BAJEN 1,1168030,JARA AREVALO ADRIAN ENRIQUE,2042,IPSP,7530791,7530791 - KAT V4 35% 1.2 EXT IPSP,KAT V4 35% 1.2 EXT IPSP,Alimento Camarones,"Nicovita Katal Camarón 35% 1.2 EXT
",KAT V4 35% 1.2 EXT IPSP,PRE ENGORDE,KAT,V4,0.35,1.2,EXTRUIDO,PNT,PRUEBA,ACTIVO,684.8080211,PYJUN25(2026),(PY+0)(+1),06,202606,107.8737355
2102108,1000027665,1000029660,30005335,NA,IPSP,7530791,NA,RA,ECUADOR,IPSP,INDUSTRIAL PESQUERA SANTA PRISCILA,INDUSTRIAL PESQUERA SANTA PRISCILA,,STA. PRISCILLA - CORVINERO,1168030,JARA AREVALO ADRIAN ENRIQUE,2042,IPSP,7530791,7530791 - KAT V4 35% 1.2 EXT IPSP,KAT V4 35% 1.2 EXT IPSP,Alimento Camarones,"Nicovita Katal Camarón 35% 1.2 EXT
",KAT V4 35% 1.2 EXT IPSP,PRE ENGORDE,KAT,V4,0.35,1.2,EXTRUIDO,PNT,PRUEBA,ACTIVO,732.8647244,PYJUN25(2026),(PY+0)(+1),01,202601,121.3710628
2102108,1000027665,1000029660,30005335,NA,IPSP,7530791,NA,RA,ECUADOR,IPSP,INDUSTRIAL PESQUERA SANTA PRISCILA,INDUSTRIAL PESQUERA SANTA PRISCILA,,STA. PRISCILLA - CORVINERO,1168030,JARA AREVALO ADRIAN ENRIQUE,2042,IPSP,7530791,7530791 - KAT V4 35% 1.2 EXT IPSP,KAT V4 35% 1.2 EXT IPSP,Alimento Camarones,"Nicovita Katal Camarón 35% 1.2 EXT
",KAT V4 35% 1.2 EXT IPSP,PRE ENGORDE,KAT,V4,0.35,1.2,EXTRUIDO,PNT,PRUEBA,ACTIVO,732.8647244,PYJUN25(2026),(PY+0)(+1),02,202602,120.5700138
2102108,1000027665,1000029660,30005335,NA,IPSP,7530791,NA,RA,ECUADOR,IPSP,INDUSTRIAL PESQUERA SANTA PRISCILA,INDUSTRIAL PESQUERA SANTA PRISCILA,,STA. PRISCILLA - CORVINERO,1168030,JARA AREVALO ADRIAN ENRIQUE,2042,IPSP,7530791,7530791 - KAT V4 35% 1.2 EXT IPSP,KAT V4 35% 1.2 EXT IPSP,Alimento Camarones,"Nicovita Katal Camarón 35% 1.2 EXT
",KAT V4 35% 1.2 EXT IPSP,PRE ENGORDE,KAT,V4,0.35,1.2,EXTRUIDO,PNT,PRUEBA,ACTIVO,732.8647244,PYJUN25(2026),(PY+0)(+1),03,202603,122.221823
2102108,1000027665,1000029660,30005335,NA,IPSP,7530791,NA,RA,ECUADOR,IPSP,INDUSTRIAL PESQUERA SANTA PRISCILA,INDUSTRIAL PESQUERA SANTA PRISCILA,,STA. PRISCILLA - CORVINERO,1168030,JARA AREVALO ADRIAN ENRIQUE,2042,IPSP,7530791,7530791 - KAT V4 35% 1.2 EXT IPSP,KAT V4 35% 1.2 EXT IPSP,Alimento Camarones,"Nicovita Katal Camarón 35% 1.2 EXT
",KAT V4 35% 1.2 EXT IPSP,PRE ENGORDE,KAT,V4,0.35,1.2,EXTRUIDO,PNT,PRUEBA,ACTIVO,732.8647244,PYJUN25(2026),(PY+0)(+1),04,202604,127.9662486
2102108,1000027665,1000029660,30005335,NA,IPSP,7530791,NA,RA,ECUADOR,IPSP,INDUSTRIAL PESQUERA SANTA PRISCILA,INDUSTRIAL PESQUERA SANTA PRISCILA,,STA. PRISCILLA - CORVINERO,1168030,JARA AREVALO ADRIAN ENRIQUE,2042,IPSP,7530791,7530791 - KAT V4 35% 1.2 EXT IPSP,KAT V4 35% 1.2 EXT IPSP,Alimento Camarones,"Nicovita Katal Camarón 35% 1.2 EXT
",KAT V4 35% 1.2 EXT IPSP,PRE ENGORDE,KAT,V4,0.35,1.2,EXTRUIDO,PNT,PRUEBA,ACTIVO,732.8647244,PYJUN25(2026),(PY+0)(+1),05,202605,125.291754
2102108,1000027665,1000029660,30005335,NA,IPSP,7530791,NA,RA,ECUADOR,IPSP,INDUSTRIAL PESQUERA SANTA PRISCILA,INDUSTRIAL PESQUERA SANTA PRISCILA,,STA. PRISCILLA - CORVINERO,1168030,JARA AREVALO ADRIAN ENRIQUE,2042,IPSP,7530791,7530791 - KAT V4 35% 1.2 EXT IPSP,KAT V4 35% 1.2 EXT IPSP,Alimento Camarones,"Nicovita Katal Camarón 35% 1.2 EXT
",KAT V4 35% 1.2 EXT IPSP,PRE ENGORDE,KAT,V4,0.35,1.2,EXTRUIDO,PNT,PRUEBA,ACTIVO,732.8647244,PYJUN25(2026),(PY+0)(+1),06,202606,115.4438222
2102108,1000027665,1000029660,30005533,NA,IPSP,7530791,NA,RA,ECUADOR,IPSP,INDUSTRIAL PESQUERA SANTA PRISCILA,INDUSTRIAL PESQUERA SANTA PRISCILA,,STA.PRISCILA ASIA,1168030,JARA AREVALO ADRIAN ENRIQUE,2042,IPSP,7530791,7530791 - KAT V4 35% 1.2 EXT IPSP,KAT V4 35% 1.2 EXT IPSP,Alimento Camarones,"Nicovita Katal Camarón 35% 1.2 EXT
",KAT V4 35% 1.2 EXT IPSP,PRE ENGORDE,KAT,V4,0.35,1.2,EXTRUIDO,PNT,PRUEBA,ACTIVO,436.8791203,PYJUN25(2026),(PY+0)(+1),01,202601,72.35234741
2102108,1000027665,1000029660,30005533,NA,IPSP,7530791,NA,RA,ECUADOR,IPSP,INDUSTRIAL PESQUERA SANTA PRISCILA,INDUSTRIAL PESQUERA SANTA PRISCILA,,STA.PRISCILA ASIA,1168030,JARA AREVALO ADRIAN ENRIQUE,2042,IPSP,7530791,7530791 - KAT V4 35% 1.2 EXT IPSP,KAT V4 35% 1.2 EXT IPSP,Alimento Camarones,"Nicovita Katal Camarón 35% 1.2 EXT
",KAT V4 35% 1.2 EXT IPSP,PRE ENGORDE,KAT,V4,0.35,1.2,EXTRUIDO,PNT,PRUEBA,ACTIVO,436.8791203,PYJUN25(2026),(PY+0)(+1),02,202602,71.87482192
2102108,1000027665,1000029660,30005533,NA,IPSP,7530791,NA,RA,ECUADOR,IPSP,INDUSTRIAL PESQUERA SANTA PRISCILA,INDUSTRIAL PESQUERA SANTA PRISCILA,,STA.PRISCILA ASIA,1168030,JARA AREVALO ADRIAN ENRIQUE,2042,IPSP,7530791,7530791 - KAT V4 35% 1.2 EXT IPSP,KAT V4 35% 1.2 EXT IPSP,Alimento Camarones,"Nicovita Katal Camarón 35% 1.2 EXT
",KAT V4 35% 1.2 EXT IPSP,PRE ENGORDE,KAT,V4,0.35,1.2,EXTRUIDO,PNT,PRUEBA,ACTIVO,436.8791203,PYJUN25(2026),(PY+0)(+1),03,202603,72.85950698
2102108,1000027665,1000029660,30005533,NA,IPSP,7530791,NA,RA,ECUADOR,IPSP,INDUSTRIAL PESQUERA SANTA PRISCILA,INDUSTRIAL PESQUERA SANTA PRISCILA,,STA.PRISCILA ASIA,1168030,JARA AREVALO ADRIAN ENRIQUE,2042,IPSP,7530791,7530791 - KAT V4 35% 1.2 EXT IPSP,KAT V4 35% 1.2 EXT IPSP,Alimento Camarones,"Nicovita Katal Camarón 35% 1.2 EXT
",KAT V4 35% 1.2 EXT IPSP,PRE ENGORDE,KAT,V4,0.35,1.2,EXTRUIDO,PNT,PRUEBA,ACTIVO,436.8791203,PYJUN25(2026),(PY+0)(+1),04,202604,76.28390381
2102108,1000027665,1000029660,30005533,NA,IPSP,7530791,NA,RA,ECUADOR,IPSP,INDUSTRIAL PESQUERA SANTA PRISCILA,INDUSTRIAL PESQUERA SANTA PRISCILA,,STA.PRISCILA ASIA,1168030,JARA AREVALO ADRIAN ENRIQUE,2042,IPSP,7530791,7530791 - KAT V4 35% 1.2 EXT IPSP,KAT V4 35% 1.2 EXT IPSP,Alimento Camarones,"Nicovita Katal Camarón 35% 1.2 EXT
",KAT V4 35% 1.2 EXT IPSP,PRE ENGORDE,KAT,V4,0.35,1.2,EXTRUIDO,PNT,PRUEBA,ACTIVO,436.8791203,PYJUN25(2026),(PY+0)(+1),05,202605,74.68957022
2102108,1000027665,1000029660,30005533,NA,IPSP,7530791,NA,RA,ECUADOR,IPSP,INDUSTRIAL PESQUERA SANTA PRISCILA,INDUSTRIAL PESQUERA SANTA PRISCILA,,STA.PRISCILA ASIA,1168030,JARA AREVALO ADRIAN ENRIQUE,2042,IPSP,7530791,7530791 - KAT V4 35% 1.2 EXT IPSP,KAT V4 35% 1.2 EXT IPSP,Alimento Camarones,"Nicovita Katal Camarón 35% 1.2 EXT
",KAT V4 35% 1.2 EXT IPSP,PRE ENGORDE,KAT,V4,0.35,1.2,EXTRUIDO,PNT,PRUEBA,ACTIVO,436.8791203,PYJUN25(2026),(PY+0)(+1),06,202606,68.81897
2102108,1000027665,1000029660,30005768,NA,IPSP,7530791,NA,RA,ECUADOR,IPSP,INDUSTRIAL PESQUERA SANTA PRISCILA,INDUSTRIAL PESQUERA SANTA PRISCILA,,STA.PRISCILA CHANDUY,1168030,JARA AREVALO ADRIAN ENRIQUE,2042,IPSP,7530791,7530791 - KAT V4 35% 1.2 EXT IPSP,KAT V4 35% 1.2 EXT IPSP,Alimento Camarones,"Nicovita Katal Camarón 35% 1.2 EXT
",KAT V4 35% 1.2 EXT IPSP,PRE ENGORDE,KAT,V4,0.35,1.2,EXTRUIDO,PNT,PRUEBA,ACTIVO,756.893076,PYJUN25(2026),(PY+0)(+1),01,202601,125.3504419
2102108,1000027665,1000029660,30005768,NA,IPSP,7530791,NA,RA,ECUADOR,IPSP,INDUSTRIAL PESQUERA SANTA PRISCILA,INDUSTRIAL PESQUERA SANTA PRISCILA,,STA.PRISCILA CHANDUY,1168030,JARA AREVALO ADRIAN ENRIQUE,2042,IPSP,7530791,7530791 - KAT V4 35% 1.2 EXT IPSP,KAT V4 35% 1.2 EXT IPSP,Alimento Camarones,"Nicovita Katal Camarón 35% 1.2 EXT
",KAT V4 35% 1.2 EXT IPSP,PRE ENGORDE,KAT,V4,0.35,1.2,EXTRUIDO,PNT,PRUEBA,ACTIVO,756.893076,PYJUN25(2026),(PY+0)(+1),02,202602,124.523129
2102108,1000027665,1000029660,30005768,NA,IPSP,7530791,NA,RA,ECUADOR,IPSP,INDUSTRIAL PESQUERA SANTA PRISCILA,INDUSTRIAL PESQUERA SANTA PRISCILA,,STA.PRISCILA CHANDUY,1168030,JARA AREVALO ADRIAN ENRIQUE,2042,IPSP,7530791,7530791 - KAT V4 35% 1.2 EXT IPSP,KAT V4 35% 1.2 EXT IPSP,Alimento Camarones,"Nicovita Katal Camarón 35% 1.2 EXT
",KAT V4 35% 1.2 EXT IPSP,PRE ENGORDE,KAT,V4,0.35,1.2,EXTRUIDO,PNT,PRUEBA,ACTIVO,756.893076,PYJUN25(2026),(PY+0)(+1),03,202603,126.2290958
2102108,1000027665,1000029660,30005768,NA,IPSP,7530791,NA,RA,ECUADOR,IPSP,INDUSTRIAL PESQUERA SANTA PRISCILA,INDUSTRIAL PESQUERA SANTA PRISCILA,,STA.PRISCILA CHANDUY,1168030,JARA AREVALO ADRIAN ENRIQUE,2042,IPSP,7530791,7530791 - KAT V4 35% 1.2 EXT IPSP,KAT V4 35% 1.2 EXT IPSP,Alimento Camarones,"Nicovita Katal Camarón 35% 1.2 EXT
",KAT V4 35% 1.2 EXT IPSP,PRE ENGORDE,KAT,V4,0.35,1.2,EXTRUIDO,PNT,PRUEBA,ACTIVO,756.893076,PYJUN25(2026),(PY+0)(+1),04,202604,132.1618633
2102108,1000027665,1000029660,30005768,NA,IPSP,7530791,NA,RA,ECUADOR,IPSP,INDUSTRIAL PESQUERA SANTA PRISCILA,INDUSTRIAL PESQUERA SANTA PRISCILA,,STA.PRISCILA CHANDUY,1168030,JARA AREVALO ADRIAN ENRIQUE,2042,IPSP,7530791,7530791 - KAT V4 35% 1.2 EXT IPSP,KAT V4 35% 1.2 EXT IPSP,Alimento Camarones,"Nicovita Katal Camarón 35% 1.2 EXT
",KAT V4 35% 1.2 EXT IPSP,PRE ENGORDE,KAT,V4,0.35,1.2,EXTRUIDO,PNT,PRUEBA,ACTIVO,756.893076,PYJUN25(2026),(PY+0)(+1),05,202605,129.3996804
2102108,1000027665,1000029660,30005768,NA,IPSP,7530791,NA,RA,ECUADOR,IPSP,INDUSTRIAL PESQUERA SANTA PRISCILA,INDUSTRIAL PESQUERA SANTA PRISCILA,,STA.PRISCILA CHANDUY,1168030,JARA AREVALO ADRIAN ENRIQUE,2042,IPSP,7530791,7530791 - KAT V4 35% 1.2 EXT IPSP,KAT V4 35% 1.2 EXT IPSP,Alimento Camarones,"Nicovita Katal Camarón 35% 1.2 EXT
",KAT V4 35% 1.2 EXT IPSP,PRE ENGORDE,KAT,V4,0.35,1.2,EXTRUIDO,PNT,PRUEBA,ACTIVO,756.893076,PYJUN25(2026),(PY+0)(+1),06,202606,119.2288655
2102108,1000027665,1000029660,30005769,NA,IPSP,7530791,NA,RA,ECUADOR,IPSP,INDUSTRIAL PESQUERA SANTA PRISCILA,INDUSTRIAL PESQUERA SANTA PRISCILA,,STA. PRISCILA  PAÑAMAO,1168030,JARA AREVALO ADRIAN ENRIQUE,2042,IPSP,7530791,7530791 - KAT V4 35% 1.2 EXT IPSP,KAT V4 35% 1.2 EXT IPSP,Alimento Camarones,"Nicovita Katal Camarón 35% 1.2 EXT
",KAT V4 35% 1.2 EXT IPSP,PRE ENGORDE,KAT,V4,0.35,1.2,EXTRUIDO,PNT,PRUEBA,ACTIVO,2162.551646,PYJUN25(2026),(PY+0)(+1),01,202601,358.1441197
2102108,1000027665,1000029660,30005769,NA,IPSP,7530791,NA,RA,ECUADOR,IPSP,INDUSTRIAL PESQUERA SANTA PRISCILA,INDUSTRIAL PESQUERA SANTA PRISCILA,,STA. PRISCILA  PAÑAMAO,1168030,JARA AREVALO ADRIAN ENRIQUE,2042,IPSP,7530791,7530791 - KAT V4 35% 1.2 EXT IPSP,KAT V4 35% 1.2 EXT IPSP,Alimento Camarones,"Nicovita Katal Camarón 35% 1.2 EXT
",KAT V4 35% 1.2 EXT IPSP,PRE ENGORDE,KAT,V4,0.35,1.2,EXTRUIDO,PNT,PRUEBA,ACTIVO,2162.551646,PYJUN25(2026),(PY+0)(+1),02,202602,355.7803685
2102108,1000027665,1000029660,30005769,NA,IPSP,7530791,NA,RA,ECUADOR,IPSP,INDUSTRIAL PESQUERA SANTA PRISCILA,INDUSTRIAL PESQUERA SANTA PRISCILA,,STA. PRISCILA  PAÑAMAO,1168030,JARA AREVALO ADRIAN ENRIQUE,2042,IPSP,7530791,7530791 - KAT V4 35% 1.2 EXT IPSP,KAT V4 35% 1.2 EXT IPSP,Alimento Camarones,"Nicovita Katal Camarón 35% 1.2 EXT
",KAT V4 35% 1.2 EXT IPSP,PRE ENGORDE,KAT,V4,0.35,1.2,EXTRUIDO,PNT,PRUEBA,ACTIVO,2162.551646,PYJUN25(2026),(PY+0)(+1),03,202603,360.6545595
2102108,1000027665,1000029660,30005769,NA,IPSP,7530791,NA,RA,ECUADOR,IPSP,INDUSTRIAL PESQUERA SANTA PRISCILA,INDUSTRIAL PESQUERA SANTA PRISCILA,,STA. PRISCILA  PAÑAMAO,1168030,JARA AREVALO ADRIAN ENRIQUE,2042,IPSP,7530791,7530791 - KAT V4 35% 1.2 EXT IPSP,KAT V4 35% 1.2 EXT IPSP,Alimento Camarones,"Nicovita Katal Camarón 35% 1.2 EXT
",KAT V4 35% 1.2 EXT IPSP,PRE ENGORDE,KAT,V4,0.35,1.2,EXTRUIDO,PNT,PRUEBA,ACTIVO,2162.551646,PYJUN25(2026),(PY+0)(+1),04,202604,377.6053238
2102108,1000027665,1000029660,30005769,NA,IPSP,7530791,NA,RA,ECUADOR,IPSP,INDUSTRIAL PESQUERA SANTA PRISCILA,INDUSTRIAL PESQUERA SANTA PRISCILA,,STA. PRISCILA  PAÑAMAO,1168030,JARA AREVALO ADRIAN ENRIQUE,2042,IPSP,7530791,7530791 - KAT V4 35% 1.2 EXT IPSP,KAT V4 35% 1.2 EXT IPSP,Alimento Camarones,"Nicovita Katal Camarón 35% 1.2 EXT
",KAT V4 35% 1.2 EXT IPSP,PRE ENGORDE,KAT,V4,0.35,1.2,EXTRUIDO,PNT,PRUEBA,ACTIVO,2162.551646,PYJUN25(2026),(PY+0)(+1),05,202605,369.7133726
2102108,1000027665,1000029660,30005769,NA,IPSP,7530791,NA,RA,ECUADOR,IPSP,INDUSTRIAL PESQUERA SANTA PRISCILA,INDUSTRIAL PESQUERA SANTA PRISCILA,,STA. PRISCILA  PAÑAMAO,1168030,JARA AREVALO ADRIAN ENRIQUE,2042,IPSP,7530791,7530791 - KAT V4 35% 1.2 EXT IPSP,KAT V4 35% 1.2 EXT IPSP,Alimento Camarones,"Nicovita Katal Camarón 35% 1.2 EXT
",KAT V4 35% 1.2 EXT IPSP,PRE ENGORDE,KAT,V4,0.35,1.2,EXTRUIDO,PNT,PRUEBA,ACTIVO,2162.551646,PYJUN25(2026),(PY+0)(+1),06,202606,340.6539015
2102108,1000027665,1000029660,30005855,NA,IPSP,7530791,NA,RA,ECUADOR,IPSP,INDUSTRIAL PESQUERA SANTA PRISCILA,INDUSTRIAL PESQUERA SANTA PRISCILA,,STA.PRISCILA KOREA,1168030,JARA AREVALO ADRIAN ENRIQUE,2042,IPSP,7530791,7530791 - KAT V4 35% 1.2 EXT IPSP,KAT V4 35% 1.2 EXT IPSP,Alimento Camarones,"Nicovita Katal Camarón 35% 1.2 EXT
",KAT V4 35% 1.2 EXT IPSP,PRE ENGORDE,KAT,V4,0.35,1.2,EXTRUIDO,PNT,PRUEBA,ACTIVO,216.2551646,PYJUN25(2026),(PY+0)(+1),01,202601,35.81441197
2102108,1000027665,1000029660,30005855,NA,IPSP,7530791,NA,RA,ECUADOR,IPSP,INDUSTRIAL PESQUERA SANTA PRISCILA,INDUSTRIAL PESQUERA SANTA PRISCILA,,STA.PRISCILA KOREA,1168030,JARA AREVALO ADRIAN ENRIQUE,2042,IPSP,7530791,7530791 - KAT V4 35% 1.2 EXT IPSP,KAT V4 35% 1.2 EXT IPSP,Alimento Camarones,"Nicovita Katal Camarón 35% 1.2 EXT
",KAT V4 35% 1.2 EXT IPSP,PRE ENGORDE,KAT,V4,0.35,1.2,EXTRUIDO,PNT,PRUEBA,ACTIVO,216.2551646,PYJUN25(2026),(PY+0)(+1),02,202602,35.57803685
2102108,1000027665,1000029660,30005855,NA,IPSP,7530791,NA,RA,ECUADOR,IPSP,INDUSTRIAL PESQUERA SANTA PRISCILA,INDUSTRIAL PESQUERA SANTA PRISCILA,,STA.PRISCILA KOREA,1168030,JARA AREVALO ADRIAN ENRIQUE,2042,IPSP,7530791,7530791 - KAT V4 35% 1.2 EXT IPSP,KAT V4 35% 1.2 EXT IPSP,Alimento Camarones,"Nicovita Katal Camarón 35% 1.2 EXT
",KAT V4 35% 1.2 EXT IPSP,PRE ENGORDE,KAT,V4,0.35,1.2,EXTRUIDO,PNT,PRUEBA,ACTIVO,216.2551646,PYJUN25(2026),(PY+0)(+1),03,202603,36.06545595
2102108,1000027665,1000029660,30005855,NA,IPSP,7530791,NA,RA,ECUADOR,IPSP,INDUSTRIAL PESQUERA SANTA PRISCILA,INDUSTRIAL PESQUERA SANTA PRISCILA,,STA.PRISCILA KOREA,1168030,JARA AREVALO ADRIAN ENRIQUE,2042,IPSP,7530791,7530791 - KAT V4 35% 1.2 EXT IPSP,KAT V4 35% 1.2 EXT IPSP,Alimento Camarones,"Nicovita Katal Camarón 35% 1.2 EXT
",KAT V4 35% 1.2 EXT IPSP,PRE ENGORDE,KAT,V4,0.35,1.2,EXTRUIDO,PNT,PRUEBA,ACTIVO,216.2551646,PYJUN25(2026),(PY+0)(+1),04,202604,37.76053238
2102108,1000027665,1000029660,30005855,NA,IPSP,7530791,NA,RA,ECUADOR,IPSP,INDUSTRIAL PESQUERA SANTA PRISCILA,INDUSTRIAL PESQUERA SANTA PRISCILA,,STA.PRISCILA KOREA,1168030,JARA AREVALO ADRIAN ENRIQUE,2042,IPSP,7530791,7530791 - KAT V4 35% 1.2 EXT IPSP,KAT V4 35% 1.2 EXT IPSP,Alimento Camarones,"Nicovita Katal Camarón 35% 1.2 EXT
",KAT V4 35% 1.2 EXT IPSP,PRE ENGORDE,KAT,V4,0.35,1.2,EXTRUIDO,PNT,PRUEBA,ACTIVO,216.2551646,PYJUN25(2026),(PY+0)(+1),05,202605,36.97133726
2102108,1000027665,1000029660,30005855,NA,IPSP,7530791,NA,RA,ECUADOR,IPSP,INDUSTRIAL PESQUERA SANTA PRISCILA,INDUSTRIAL PESQUERA SANTA PRISCILA,,STA.PRISCILA KOREA,1168030,JARA AREVALO ADRIAN ENRIQUE,2042,IPSP,7530791,7530791 - KAT V4 35% 1.2 EXT IPSP,KAT V4 35% 1.2 EXT IPSP,Alimento Camarones,"Nicovita Katal Camarón 35% 1.2 EXT
",KAT V4 35% 1.2 EXT IPSP,PRE ENGORDE,KAT,V4,0.35,1.2,EXTRUIDO,PNT,PRUEBA,ACTIVO,216.2551646,PYJUN25(2026),(PY+0)(+1),06,202606,34.06539015
2102108,1000027665,1000029660,30005946,NA,IPSP,7530791,NA,RA,ECUADOR,IPSP,INDUSTRIAL PESQUERA SANTA PRISCILA,INDUSTRIAL PESQUERA SANTA PRISCILA,,STA.PRISCILA AFRICA - CAMERÚN (PRU),1168030,JARA AREVALO ADRIAN ENRIQUE,2042,IPSP,7530791,7530791 - KAT V4 35% 1.2 EXT IPSP,KAT V4 35% 1.2 EXT IPSP,Alimento Camarones,"Nicovita Katal Camarón 35% 1.2 EXT
",KAT V4 35% 1.2 EXT IPSP,PRE ENGORDE,KAT,V4,0.35,1.2,EXTRUIDO,PNT,PRUEBA,ACTIVO,348.4110985,PYJUN25(2026),(PY+0)(+1),01,202601,57.70099706
2102108,1000027665,1000029660,30005946,NA,IPSP,7530791,NA,RA,ECUADOR,IPSP,INDUSTRIAL PESQUERA SANTA PRISCILA,INDUSTRIAL PESQUERA SANTA PRISCILA,,STA.PRISCILA AFRICA - CAMERÚN (PRU),1168030,JARA AREVALO ADRIAN ENRIQUE,2042,IPSP,7530791,7530791 - KAT V4 35% 1.2 EXT IPSP,KAT V4 35% 1.2 EXT IPSP,Alimento Camarones,"Nicovita Katal Camarón 35% 1.2 EXT
",KAT V4 35% 1.2 EXT IPSP,PRE ENGORDE,KAT,V4,0.35,1.2,EXTRUIDO,PNT,PRUEBA,ACTIVO,348.4110985,PYJUN25(2026),(PY+0)(+1),02,202602,57.32017048
2102108,1000027665,1000029660,30005946,NA,IPSP,7530791,NA,RA,ECUADOR,IPSP,INDUSTRIAL PESQUERA SANTA PRISCILA,INDUSTRIAL PESQUERA SANTA PRISCILA,,STA.PRISCILA AFRICA - CAMERÚN (PRU),1168030,JARA AREVALO ADRIAN ENRIQUE,2042,IPSP,7530791,7530791 - KAT V4 35% 1.2 EXT IPSP,KAT V4 35% 1.2 EXT IPSP,Alimento Camarones,"Nicovita Katal Camarón 35% 1.2 EXT
",KAT V4 35% 1.2 EXT IPSP,PRE ENGORDE,KAT,V4,0.35,1.2,EXTRUIDO,PNT,PRUEBA,ACTIVO,348.4110985,PYJUN25(2026),(PY+0)(+1),03,202603,58.10545682
2102108,1000027665,1000029660,30005946,NA,IPSP,7530791,NA,RA,ECUADOR,IPSP,INDUSTRIAL PESQUERA SANTA PRISCILA,INDUSTRIAL PESQUERA SANTA PRISCILA,,STA.PRISCILA AFRICA - CAMERÚN (PRU),1168030,JARA AREVALO ADRIAN ENRIQUE,2042,IPSP,7530791,7530791 - KAT V4 35% 1.2 EXT IPSP,KAT V4 35% 1.2 EXT IPSP,Alimento Camarones,"Nicovita Katal Camarón 35% 1.2 EXT
",KAT V4 35% 1.2 EXT IPSP,PRE ENGORDE,KAT,V4,0.35,1.2,EXTRUIDO,PNT,PRUEBA,ACTIVO,348.4110985,PYJUN25(2026),(PY+0)(+1),04,202604,60.83641329
2102108,1000027665,1000029660,30005946,NA,IPSP,7530791,NA,RA,ECUADOR,IPSP,INDUSTRIAL PESQUERA SANTA PRISCILA,INDUSTRIAL PESQUERA SANTA PRISCILA,,STA.PRISCILA AFRICA - CAMERÚN (PRU),1168030,JARA AREVALO ADRIAN ENRIQUE,2042,IPSP,7530791,7530791 - KAT V4 35% 1.2 EXT IPSP,KAT V4 35% 1.2 EXT IPSP,Alimento Camarones,"Nicovita Katal Camarón 35% 1.2 EXT
",KAT V4 35% 1.2 EXT IPSP,PRE ENGORDE,KAT,V4,0.35,1.2,EXTRUIDO,PNT,PRUEBA,ACTIVO,348.4110985,PYJUN25(2026),(PY+0)(+1),05,202605,59.56493225
2102108,1000027665,1000029660,30005946,NA,IPSP,7530791,NA,RA,ECUADOR,IPSP,INDUSTRIAL PESQUERA SANTA PRISCILA,INDUSTRIAL PESQUERA SANTA PRISCILA,,STA.PRISCILA AFRICA - CAMERÚN (PRU),1168030,JARA AREVALO ADRIAN ENRIQUE,2042,IPSP,7530791,7530791 - KAT V4 35% 1.2 EXT IPSP,KAT V4 35% 1.2 EXT IPSP,Alimento Camarones,"Nicovita Katal Camarón 35% 1.2 EXT
",KAT V4 35% 1.2 EXT IPSP,PRE ENGORDE,KAT,V4,0.35,1.2,EXTRUIDO,PNT,PRUEBA,ACTIVO,348.4110985,PYJUN25(2026),(PY+0)(+1),06,202606,54.88312857
2102108,1000027665,1000029660,30006720,NA,IPSP,7530791,NA,RA,ECUADOR,IPSP,INDUSTRIAL PESQUERA SANTA PRISCILA,INDUSTRIAL PESQUERA SANTA PRISCILA,,IPSP - SINGAPUR,1168030,JARA AREVALO ADRIAN ENRIQUE,2042,IPSP,7530791,7530791 - KAT V4 35% 1.2 EXT IPSP,KAT V4 35% 1.2 EXT IPSP,Alimento Camarones,"Nicovita Katal Camarón 35% 1.2 EXT
",KAT V4 35% 1.2 EXT IPSP,PRE ENGORDE,KAT,V4,0.35,1.2,EXTRUIDO,PNT,PRUEBA,ACTIVO,217.9507123,PYJUN25(2026),(PY+0)(+1),01,202601,36.17617371
2102108,1000027665,1000029660,30006720,NA,IPSP,7530791,NA,RA,ECUADOR,IPSP,INDUSTRIAL PESQUERA SANTA PRISCILA,INDUSTRIAL PESQUERA SANTA PRISCILA,,IPSP - SINGAPUR,1168030,JARA AREVALO ADRIAN ENRIQUE,2042,IPSP,7530791,7530791 - KAT V4 35% 1.2 EXT IPSP,KAT V4 35% 1.2 EXT IPSP,Alimento Camarones,"Nicovita Katal Camarón 35% 1.2 EXT
",KAT V4 35% 1.2 EXT IPSP,PRE ENGORDE,KAT,V4,0.35,1.2,EXTRUIDO,PNT,PRUEBA,ACTIVO,217.9507123,PYJUN25(2026),(PY+0)(+1),02,202602,36
2102108,1000027665,1000029660,30006720,NA,IPSP,7530791,NA,RA,ECUADOR,IPSP,INDUSTRIAL PESQUERA SANTA PRISCILA,INDUSTRIAL PESQUERA SANTA PRISCILA,,IPSP - SINGAPUR,1168030,JARA AREVALO ADRIAN ENRIQUE,2042,IPSP,7530791,7530791 - KAT V4 35% 1.2 EXT IPSP,KAT V4 35% 1.2 EXT IPSP,Alimento Camarones,"Nicovita Katal Camarón 35% 1.2 EXT
",KAT V4 35% 1.2 EXT IPSP,PRE ENGORDE,KAT,V4,0.35,1.2,EXTRUIDO,PNT,PRUEBA,ACTIVO,217.9507123,PYJUN25(2026),(PY+0)(+1),03,202603,36.42975349
2102108,1000027665,1000029660,30006720,NA,IPSP,7530791,NA,RA,ECUADOR,IPSP,INDUSTRIAL PESQUERA SANTA PRISCILA,INDUSTRIAL PESQUERA SANTA PRISCILA,,IPSP - SINGAPUR,1168030,JARA AREVALO ADRIAN ENRIQUE,2042,IPSP,7530791,7530791 - KAT V4 35% 1.2 EXT IPSP,KAT V4 35% 1.2 EXT IPSP,Alimento Camarones,"Nicovita Katal Camarón 35% 1.2 EXT
",KAT V4 35% 1.2 EXT IPSP,PRE ENGORDE,KAT,V4,0.35,1.2,EXTRUIDO,PNT,PRUEBA,ACTIVO,217.9507123,PYJUN25(2026),(PY+0)(+1),04,202604,38
2102108,1000027665,1000029660,30006720,NA,IPSP,7530791,NA,RA,ECUADOR,IPSP,INDUSTRIAL PESQUERA SANTA PRISCILA,INDUSTRIAL PESQUERA SANTA PRISCILA,,IPSP - SINGAPUR,1168030,JARA AREVALO ADRIAN ENRIQUE,2042,IPSP,7530791,7530791 - KAT V4 35% 1.2 EXT IPSP,KAT V4 35% 1.2 EXT IPSP,Alimento Camarones,"Nicovita Katal Camarón 35% 1.2 EXT
",KAT V4 35% 1.2 EXT IPSP,PRE ENGORDE,KAT,V4,0.35,1.2,EXTRUIDO,PNT,PRUEBA,ACTIVO,217.9507123,PYJUN25(2026),(PY+0)(+1),05,202605,37.34478511
2102108,1000027665,1000029660,30006720,NA,IPSP,7530791,NA,RA,ECUADOR,IPSP,INDUSTRIAL PESQUERA SANTA PRISCILA,INDUSTRIAL PESQUERA SANTA PRISCILA,,IPSP - SINGAPUR,1168030,JARA AREVALO ADRIAN ENRIQUE,2042,IPSP,7530791,7530791 - KAT V4 35% 1.2 EXT IPSP,KAT V4 35% 1.2 EXT IPSP,Alimento Camarones,"Nicovita Katal Camarón 35% 1.2 EXT
",KAT V4 35% 1.2 EXT IPSP,PRE ENGORDE,KAT,V4,0.35,1.2,EXTRUIDO,PNT,PRUEBA,ACTIVO,217.9507123,PYJUN25(2026),(PY+0)(+1),06,202606,34
2102108,1000027665,1000029660,30005769,NA,IPSP,7530791,NA,RA,ECUADOR,IPSP,INDUSTRIAL PESQUERA SANTA PRISCILA,INDUSTRIAL PESQUERA SANTA PRISCILA,,STA. PRISCILA  PAÑAMAO,1168030,JARA AREVALO ADRIAN ENRIQUE,2042,IPSP,7530791,7530791 - KAT V4 35% 1.2 EXT IPSP,KAT V4 35% 1.2 EXT IPSP,Alimento Camarones,"Nicovita Katal Camarón 35% 1.2 EXT
",KAT V4 35% 1.2 EXT IPSP,PRE ENGORDE,KAT,V4,0.35,1.2,EXTRUIDO,PNT,PRUEBA,ACTIVO,4613.353324,PYJUN25(2025),(PY+0)(+0),06,202506,531
2102108,1000027665,1000029660,30005769,NA,IPSP,7530791,NA,RA,ECUADOR,IPSP,INDUSTRIAL PESQUERA SANTA PRISCILA,INDUSTRIAL PESQUERA SANTA PRISCILA,,STA. PRISCILA  PAÑAMAO,1168030,JARA AREVALO ADRIAN ENRIQUE,2042,IPSP,7530791,7530791 - KAT V4 35% 1.2 EXT IPSP,KAT V4 35% 1.2 EXT IPSP,Alimento Camarones,"Nicovita Katal Camarón 35% 1.2 EXT
",KAT V4 35% 1.2 EXT IPSP,PRE ENGORDE,KAT,V4,0.35,1.2,EXTRUIDO,PNT,PRUEBA,ACTIVO,4613.353324,PYJUN25(2025),(PY+0)(+0),07,202507,411.7647059
2102108,1000027665,1000029660,30005769,NA,IPSP,7530791,NA,RA,ECUADOR,IPSP,INDUSTRIAL PESQUERA SANTA PRISCILA,INDUSTRIAL PESQUERA SANTA PRISCILA,,STA. PRISCILA  PAÑAMAO,1168030,JARA AREVALO ADRIAN ENRIQUE,2042,IPSP,7530791,7530791 - KAT V4 35% 1.2 EXT IPSP,KAT V4 35% 1.2 EXT IPSP,Alimento Camarones,"Nicovita Katal Camarón 35% 1.2 EXT
",KAT V4 35% 1.2 EXT IPSP,PRE ENGORDE,KAT,V4,0.35,1.2,EXTRUIDO,PNT,PRUEBA,ACTIVO,4613.353324,PYJUN25(2025),(PY+0)(+0),08,202508,642.5714719
2102108,1000027665,1000029660,30005769,NA,IPSP,7530791,NA,RA,ECUADOR,IPSP,INDUSTRIAL PESQUERA SANTA PRISCILA,INDUSTRIAL PESQUERA SANTA PRISCILA,,STA. PRISCILA  PAÑAMAO,1168030,JARA AREVALO ADRIAN ENRIQUE,2042,IPSP,7530791,7530791 - KAT V4 35% 1.2 EXT IPSP,KAT V4 35% 1.2 EXT IPSP,Alimento Camarones,"Nicovita Katal Camarón 35% 1.2 EXT
",KAT V4 35% 1.2 EXT IPSP,PRE ENGORDE,KAT,V4,0.35,1.2,EXTRUIDO,PNT,PRUEBA,ACTIVO,4613.353324,PYJUN25(2025),(PY+0)(+0),09,202509,706.9952565
2102108,1000027665,1000029660,30005769,NA,IPSP,7530791,NA,RA,ECUADOR,IPSP,INDUSTRIAL PESQUERA SANTA PRISCILA,INDUSTRIAL PESQUERA SANTA PRISCILA,,STA. PRISCILA  PAÑAMAO,1168030,JARA AREVALO ADRIAN ENRIQUE,2042,IPSP,7530791,7530791 - KAT V4 35% 1.2 EXT IPSP,KAT V4 35% 1.2 EXT IPSP,Alimento Camarones,"Nicovita Katal Camarón 35% 1.2 EXT
",KAT V4 35% 1.2 EXT IPSP,PRE ENGORDE,KAT,V4,0.35,1.2,EXTRUIDO,PNT,PRUEBA,ACTIVO,4613.353324,PYJUN25(2025),(PY+0)(+0),10,202510,763.114648
2102108,1000027665,1000029660,30005769,NA,IPSP,7530791,NA,RA,ECUADOR,IPSP,INDUSTRIAL PESQUERA SANTA PRISCILA,INDUSTRIAL PESQUERA SANTA PRISCILA,,STA. PRISCILA  PAÑAMAO,1168030,JARA AREVALO ADRIAN ENRIQUE,2042,IPSP,7530791,7530791 - KAT V4 35% 1.2 EXT IPSP,KAT V4 35% 1.2 EXT IPSP,Alimento Camarones,"Nicovita Katal Camarón 35% 1.2 EXT
",KAT V4 35% 1.2 EXT IPSP,PRE ENGORDE,KAT,V4,0.35,1.2,EXTRUIDO,PNT,PRUEBA,ACTIVO,4613.353324,PYJUN25(2025),(PY+0)(+0),11,202511,811.5367935
2102108,1000027665,1000029660,30005769,NA,IPSP,7530791,NA,RA,ECUADOR,IPSP,INDUSTRIAL PESQUERA SANTA PRISCILA,INDUSTRIAL PESQUERA SANTA PRISCILA,,STA. PRISCILA  PAÑAMAO,1168030,JARA AREVALO ADRIAN ENRIQUE,2042,IPSP,7530791,7530791 - KAT V4 35% 1.2 EXT IPSP,KAT V4 35% 1.2 EXT IPSP,Alimento Camarones,"Nicovita Katal Camarón 35% 1.2 EXT
",KAT V4 35% 1.2 EXT IPSP,PRE ENGORDE,KAT,V4,0.35,1.2,EXTRUIDO,PNT,PRUEBA,ACTIVO,4613.353324,PYJUN25(2025),(PY+0)(+0),12,202512,746.3704483
